dual_sim,four_g,int_memory,n_cores,px_height,px_width,ram,touch_screen,wifi,battery_power,price_range
0,0,7,2,20,756,2549,0,1,842,1
1,1,53,3,905,1988,2631,1,0,1021,2
1,1,41,5,1263,1716,2603,1,0,563,2
0,0,10,6,1216,1786,2769,0,0,615,2
0,1,44,2,1208,1212,1411,1,0,1821,1
1,0,22,1,1004,1654,1067,0,0,1859,1
0,1,10,8,381,1018,3220,0,1,1821,3
1,0,24,4,512,1149,700,1,1,1954,0
0,0,53,7,386,836,1099,0,0,1445,0
1,1,9,5,1137,1224,513,0,0,509,0
1,0,9,5,248,874,3946,0,0,769,3
0,1,33,8,151,1005,3826,1,1,1520,3
0,0,33,4,607,748,1482,0,0,1815,1
0,0,17,4,344,1440,2680,0,1,803,2
0,1,52,1,356,563,373,0,1,1866,0
0,0,46,2,862,1864,568,1,1,775,0
0,1,13,8,984,1850,3554,0,1,838,3
1,1,23,3,441,810,3752,1,0,595,3
1,0,49,5,658,878,1835,1,0,1131,1
0,0,19,4,902,1064,2337,1,1,682,1
1,0,39,7,1314,1854,2819,1,0,772,3
0,0,13,2,974,1385,3283,0,0,1709,3
1,0,47,4,407,822,1433,0,1,1949,1
1,1,38,3,466,788,1037,0,0,1602,0
1,1,8,3,201,1245,2583,0,0,503,1
1,1,57,8,291,1434,2782,1,1,961,2
1,1,51,4,550,645,3763,0,1,519,3
0,1,41,7,511,1075,3286,1,0,956,3
1,1,52,2,187,1311,2373,1,1,1453,2
0,0,21,5,1171,1263,478,0,1,851,0
1,0,5,7,1358,1739,3532,0,1,1579,3
0,0,33,8,413,654,508,1,1,1568,0
0,1,41,1,85,1152,2227,1,1,1319,1
1,1,51,4,178,1919,3845,1,0,1310,3
0,0,22,8,311,881,1262,0,0,644,0
1,0,60,8,1134,1249,1326,0,0,725,1
1,0,61,4,429,815,2113,0,1,589,1
1,1,6,2,609,1307,3429,1,0,1725,3
1,1,11,6,347,730,3169,0,1,790,2
1,0,50,2,1448,1613,2150,1,0,560,2
0,0,44,1,434,967,2484,0,1,1347,2
0,1,41,2,1725,1932,3339,1,0,1646,3
1,1,5,2,685,714,1878,1,0,1253,1
0,1,34,3,880,1456,1629,1,0,1656,1
0,1,20,2,1580,1652,504,1,0,1195,0
0,0,27,3,186,1810,1152,1,1,1514,1
1,0,42,8,202,1791,3587,0,0,1723,3
1,1,40,7,27,774,2296,0,1,1054,1
1,1,57,8,1025,1433,1270,0,1,578,0
1,0,64,8,885,1854,3238,0,0,596,3
1,1,14,3,1042,1832,2059,0,1,1547,2
1,0,63,8,1382,1383,2053,1,0,1760,2
1,1,43,2,546,629,3112,1,0,1654,3
1,1,16,3,1013,1287,1440,0,1,1457,1
1,0,51,7,690,804,2908,1,0,1073,2
1,1,46,3,667,1036,2552,0,0,1936,2
1,0,60,8,822,1449,905,1,1,823,0
1,1,61,3,581,820,3963,0,1,987,3
0,0,49,6,265,713,2056,0,0,1757,1
1,1,48,5,127,683,2910,1,1,1063,2
0,0,12,3,916,969,1457,1,0,1484,1
0,1,63,8,361,975,431,1,1,799,0
1,1,50,2,322,547,470,1,0,1156,0
0,1,55,2,753,1353,2148,1,1,1720,2
1,1,9,3,504,1570,2955,0,0,702,2
1,1,44,3,651,1618,3366,1,0,616,3
0,1,36,4,1565,1858,3068,1,0,1358,3
0,0,30,3,108,1781,3834,0,0,1866,3
1,0,10,2,459,1225,1050,0,1,1242,0
1,1,43,4,205,603,3993,1,0,1166,3
1,1,45,7,570,1724,3378,1,1,1448,3
0,1,22,4,1172,1217,2192,0,1,1407,2
0,1,9,3,160,1026,392,0,0,605,0
0,0,43,1,4,638,3709,1,1,1038,3
1,0,38,4,763,1413,590,1,0,797,0
1,1,42,6,339,1242,1814,0,1,819,1
0,1,9,3,1040,1071,907,1,0,1114,0
1,0,33,1,166,778,1449,0,1,1234,0
1,1,16,4,1168,1552,3448,0,1,1199,3
1,0,29,6,990,1486,1837,1,1,1103,1
1,1,58,7,319,1206,3464,1,1,1589,3
1,1,64,4,1397,1616,2593,1,0,999,2
1,0,45,5,708,1752,3484,1,1,1510,3
0,0,61,3,1077,1122,2009,0,0,1008,1
1,1,57,1,928,1049,2048,1,1,1127,1
0,0,25,8,516,1894,837,0,1,1412,1
1,0,42,5,96,741,854,1,1,1496,0
1,1,64,3,1025,1118,3210,0,0,1083,3
1,0,3,5,666,1203,2746,1,1,668,2
1,0,33,4,557,1402,2334,0,1,1309,2
1,1,57,3,1605,1924,2822,1,0,1724,3
1,1,54,7,1226,1242,1971,1,0,1977,2
1,1,15,7,769,802,1410,1,1,885,0
0,1,14,6,403,1105,349,0,1,879,0
1,0,7,3,177,1990,1418,1,0,1322,1
0,0,7,3,942,1179,3616,1,1,1137,3
0,1,23,5,651,891,880,1,0,1355,0
0,1,60,6,1572,1684,1601,0,0,1665,2
0,0,37,2,476,961,1412,1,0,657,0
0,0,31,7,1233,1317,1692,0,0,593,1
0,1,10,6,836,1739,2600,0,0,1883,3
0,1,12,8,824,881,1308,0,1,1732,1
0,0,57,5,391,984,2413,0,0,543,1
1,1,55,4,320,520,1047,1,0,1939,0
1,1,8,7,325,902,1204,1,1,553,0
1,1,39,4,125,1504,1799,0,1,832,1
1,0,23,5,846,1634,2676,1,1,1661,3
0,0,42,5,1770,1796,2597,0,0,1657,3
1,0,46,1,293,1846,3029,1,1,1135,3
0,0,41,1,1633,1869,2343,1,1,1775,3
1,1,43,3,1198,1471,2016,1,0,783,1
0,0,32,7,768,874,2213,0,0,617,1
1,1,4,6,70,1974,790,1,0,867,0
1,0,7,5,117,513,3182,1,0,1310,2
0,1,22,7,1158,1244,3472,0,1,1804,3
0,1,18,7,1055,1661,2871,1,1,1900,3
0,0,53,8,635,973,3187,0,0,909,2
0,1,40,3,322,771,1945,1,0,1084,1
1,0,46,1,275,989,488,1,0,1308,0
0,0,15,3,1445,1954,1214,0,0,1778,1
1,0,10,8,550,1338,2598,1,0,1701,2
1,1,10,4,1242,1712,3242,1,0,772,3
1,0,52,3,597,863,3534,1,0,825,3
0,1,36,2,538,1376,3426,1,1,1379,3
0,1,25,5,59,1203,2488,0,0,1166,2
0,0,16,1,819,902,3255,0,1,1659,3
1,1,58,4,179,786,2863,0,1,826,2
0,1,25,6,1259,1965,1496,1,1,1564,1
1,0,31,3,396,1732,3801,0,1,1957,3
0,1,19,6,713,1398,666,1,0,1571,0
1,0,54,7,262,829,3799,0,1,1414,3
1,0,2,1,622,792,1366,1,1,1790,1
0,0,41,7,327,580,2962,1,1,645,2
1,0,30,8,522,1056,2399,1,1,668,1
1,0,36,4,313,1264,2338,0,0,1652,2
0,0,16,5,226,1248,2700,0,1,1213,2
1,0,22,6,605,669,2235,0,0,1272,1
1,1,46,8,692,1686,3825,1,1,866,3
1,1,3,7,1386,1539,284,1,0,536,0
1,0,14,8,304,1042,1427,1,0,523,0
1,1,31,1,1590,1926,1324,0,1,1753,2
1,1,14,3,229,616,398,0,0,1218,0
0,1,43,1,839,1131,3685,1,1,1537,3
1,0,33,7,507,1697,2390,0,1,786,2
0,1,64,3,436,536,278,1,0,1678,0
1,1,9,2,756,786,3556,0,0,1814,3
0,0,31,2,387,1269,2196,1,1,1101,1
1,1,40,7,1265,1298,3799,0,0,1461,3
0,0,47,3,1852,1967,2268,1,1,1216,2
0,1,41,1,875,1025,2965,0,0,506,2
0,1,56,5,140,800,2341,1,1,843,1
1,0,56,7,577,1359,3557,1,1,742,3
0,1,61,6,975,1996,1354,0,0,1692,1
0,1,32,2,510,1013,2147,1,0,1485,2
1,0,45,2,583,590,505,1,1,1547,0
1,1,46,1,674,1925,1394,1,0,1692,1
0,1,60,4,1125,1989,374,0,1,637,0
0,1,6,6,747,826,506,1,1,1224,0
0,0,29,6,1612,1983,3702,0,0,1356,3
1,0,34,1,311,1545,1078,0,0,1840,1
1,1,37,5,116,1533,2945,1,1,1481,2
1,0,51,6,554,621,2981,1,1,961,2
1,1,14,5,811,1272,490,1,1,1296,0
0,0,26,1,730,1729,536,0,1,1193,0
1,1,3,8,577,1071,2317,0,1,1441,2
1,1,33,4,660,974,3704,0,1,517,3
0,1,27,8,450,1554,2126,0,0,748,1
0,1,10,6,1223,1611,2050,1,1,1126,2
0,1,58,7,1109,1937,2462,0,0,1572,3
1,0,44,4,45,1942,1260,0,0,1569,1
1,1,32,7,299,845,3770,1,0,1270,3
0,1,8,5,506,627,1886,1,0,1854,1
1,1,10,4,635,842,3323,1,1,625,2
1,1,42,5,1045,1737,2060,0,0,1577,2
1,1,16,5,393,1199,3926,0,0,534,3
1,1,25,6,650,1740,2177,1,1,946,2
0,0,29,7,433,648,728,0,1,685,0
1,0,23,5,839,1136,2478,0,0,1949,3
1,1,22,2,1176,1220,2842,0,0,947,2
1,0,63,7,650,879,1617,0,1,801,1
0,1,30,1,218,1065,1472,0,0,703,0
0,0,41,6,564,831,764,0,0,1165,0
0,0,38,8,986,1191,2337,1,1,1082,2
1,0,20,4,561,1631,3965,0,0,959,3
0,0,54,5,65,588,3693,1,0,1502,3
1,1,4,3,420,500,797,1,0,1380,0
0,1,5,6,1365,1698,1687,0,0,1266,2
1,1,46,1,619,1299,2940,1,1,1934,3
0,1,6,1,849,898,1545,1,0,1905,1
1,0,43,5,611,1381,3834,1,1,1831,3
0,0,46,1,953,984,2505,1,0,596,1
1,1,7,5,642,1533,2243,0,0,1562,2
1,1,64,8,1417,1464,3600,1,1,1490,3
0,1,57,2,247,539,3971,1,1,1523,3
0,0,20,4,710,1179,2844,1,0,640,2
0,1,23,7,718,751,2227,1,0,1526,2
1,1,41,3,1100,1497,1665,1,1,1989,2
0,1,61,3,59,1215,3355,0,1,1308,3
0,0,26,4,938,1948,1866,1,1,609,1
1,1,36,3,825,1542,1287,0,0,1905,1
0,1,22,1,286,1235,1046,0,1,1703,0
1,1,20,7,1273,1345,1441,1,1,1445,1
0,1,16,3,295,589,690,0,1,1087,0
1,0,30,7,852,1182,2504,0,0,671,2
0,0,61,6,710,1052,2677,0,0,1472,2
1,1,47,8,1277,1429,2243,0,1,765,2
1,1,8,6,129,873,2984,0,1,1642,2
0,0,49,5,690,836,1362,0,1,1265,1
1,1,51,7,701,1478,3629,1,1,664,3
1,1,35,6,309,1460,3559,1,0,1277,3
1,0,23,3,213,705,2571,0,1,1395,2
0,0,41,8,1112,1666,2107,0,1,1539,2
0,0,63,5,199,1077,1022,0,0,1049,0
0,1,39,5,55,1020,2844,1,0,1827,2
1,1,50,1,1230,1235,711,1,0,903,0
0,1,53,3,1052,1516,3117,1,1,1987,3
1,1,49,8,541,1499,978,0,1,1154,0
0,1,17,5,55,583,1869,1,1,1336,1
0,1,24,3,809,1958,1179,0,1,1886,1
0,0,51,5,1738,1995,3844,1,0,1551,3
1,1,29,5,404,642,593,0,1,850,0
0,1,40,2,262,1178,588,1,1,660,0
1,0,13,4,759,1404,3836,0,0,1225,3
1,1,25,6,42,1040,2669,0,0,1452,2
1,0,38,4,397,1453,2958,0,0,1686,3
0,1,17,2,964,1677,3031,1,1,1634,3
1,1,49,1,233,517,3388,1,1,1708,3
1,0,31,8,1022,1560,2377,1,0,1151,2
1,1,37,4,411,1226,2458,0,1,1578,2
0,0,24,3,954,1200,2766,1,1,1689,3
0,0,39,5,1528,1647,3054,0,0,1488,3
1,0,9,1,416,1308,3791,1,1,1313,3
1,1,31,8,638,1615,625,0,0,1715,0
1,0,27,3,231,687,2227,1,0,1442,1
0,1,6,2,574,637,3256,1,0,528,2
0,1,11,1,148,1606,707,1,0,1523,0
0,0,42,5,730,1543,1457,0,1,1133,1
1,1,6,5,564,980,3755,1,1,1718,3
0,0,38,7,1290,1441,1733,0,1,1330,1
0,0,49,4,632,1383,720,1,1,1799,0
0,1,49,8,529,1009,3560,1,1,633,2
1,0,44,7,1273,1754,2311,0,0,724,2
0,1,51,6,667,860,3846,0,0,822,3
0,0,10,5,1170,1543,1717,1,1,1918,2
0,1,37,7,169,1108,3704,0,0,1891,3
1,0,50,7,105,673,3800,0,0,1373,3
1,0,23,2,793,1758,278,0,1,862,0
0,1,48,4,490,886,1767,1,0,1273,1
0,0,7,5,1201,1485,1846,0,1,957,1
1,1,30,2,246,1038,829,0,0,1617,0
1,0,55,2,417,946,2986,1,1,893,2
0,0,63,5,1177,1462,2394,0,0,1210,2
1,1,63,8,78,654,2169,1,1,708,1
1,0,7,4,323,1604,1181,1,1,835,0
1,0,19,1,707,1882,575,0,0,1450,0
0,1,57,7,457,1816,2977,0,0,973,2
0,1,4,4,356,765,532,1,1,601,0
1,0,32,7,936,1398,1702,1,1,507,1
1,1,51,3,912,1980,1074,1,0,564,0
1,1,6,6,179,1559,3352,1,1,1559,3
1,1,59,7,1914,1928,1027,0,0,754,1
1,0,25,4,526,1529,2039,1,1,728,1
0,1,56,1,156,952,461,0,0,1431,0
0,0,28,4,344,1517,527,1,0,767,0
0,0,18,2,865,1741,3271,0,1,1722,3
0,1,57,2,1552,1596,606,1,1,1992,1
0,1,40,6,546,1564,2513,1,0,1876,3
1,1,38,6,1097,1222,1675,1,1,1054,1
1,0,47,5,372,692,2698,1,0,1283,2
1,0,28,1,1285,1617,1129,1,0,1281,1
0,1,7,7,1242,1571,468,1,0,1066,0
1,1,4,8,302,1247,1210,1,1,730,0
1,1,45,1,594,1767,3086,1,1,1053,3
1,0,3,3,303,714,1595,0,1,1611,1
1,1,30,2,1858,1935,2332,1,1,793,2
0,0,62,4,403,1933,2589,1,1,1220,2
0,1,61,4,32,1509,3760,1,1,1662,3
1,1,8,4,590,954,1851,1,0,1281,1
0,1,2,7,235,662,417,0,1,538,0
0,0,39,8,630,888,294,0,1,823,0
0,1,36,6,357,527,3576,0,0,1733,3
1,1,40,3,246,820,3945,0,1,1429,3
0,1,54,7,475,1493,927,0,1,1839,1
0,1,6,3,1054,1929,2044,0,1,659,1
1,0,56,8,555,764,2334,0,0,1953,2
0,1,27,1,607,1092,1477,0,0,1172,1
1,0,16,7,1360,1891,3161,0,0,612,3
0,1,24,8,142,1699,3660,1,0,1563,3
1,1,26,1,681,683,1604,0,1,1191,1
1,0,42,6,104,1664,2211,0,1,615,1
1,0,63,2,637,763,3822,1,1,1893,3
1,0,16,7,410,572,3922,0,1,1563,3
0,0,9,6,1830,1963,1203,1,1,1995,2
0,1,48,5,802,1489,2822,1,1,1517,3
1,1,34,5,311,1294,447,1,0,832,0
0,1,56,7,56,997,1652,0,0,1162,1
0,0,12,8,344,655,3608,1,0,1595,3
0,0,52,6,1053,1458,1228,0,1,1329,1
1,0,56,8,221,1243,666,1,0,928,0
1,1,38,7,506,519,1499,0,1,1656,1
0,0,58,1,1728,1767,3321,1,0,1937,3
1,0,57,6,63,566,1206,1,1,977,0
0,1,56,1,418,515,952,0,1,768,0
1,0,12,2,854,1168,3927,1,1,1464,3
0,1,29,2,178,882,311,0,0,1177,0
0,0,52,3,1869,1942,955,1,1,1348,1
0,1,37,3,185,776,1109,1,0,1956,1
1,0,8,6,170,564,2969,0,1,1751,2
0,0,42,6,454,1975,725,0,1,1530,0
1,0,40,4,866,1212,1655,0,0,1997,2
1,0,44,2,44,1118,3490,1,0,1414,3
0,0,41,7,1331,1388,1774,0,0,1707,2
1,1,50,3,1285,1462,3615,0,1,894,3
0,1,41,8,741,1130,714,1,0,645,0
1,0,49,2,520,754,2768,0,1,1163,2
0,0,49,8,114,1726,3739,0,0,1126,3
0,1,64,4,1153,1876,610,1,0,1648,1
0,1,14,2,474,709,715,0,1,1170,0
0,1,42,1,39,557,663,0,0,508,0
1,0,64,3,419,1914,1725,0,1,1097,1
1,1,5,2,584,775,834,1,0,728,0
1,1,29,1,312,1910,3865,0,0,1980,3
1,0,64,1,19,1923,3059,1,0,1504,3
1,1,63,1,207,1370,651,1,0,1379,0
0,1,18,6,363,994,796,0,1,1698,0
1,0,25,7,209,1078,785,1,1,920,0
1,0,21,1,159,724,3252,0,0,1144,2
0,0,26,1,649,1104,1322,1,1,1995,1
1,0,27,1,1132,1182,2832,1,1,1430,2
1,0,13,5,1392,1795,1615,1,0,972,1
0,0,20,1,1001,1224,2125,1,1,662,1
0,1,9,6,712,1442,990,0,1,1867,1
1,1,20,4,418,1023,1595,1,0,1730,1
0,1,7,3,384,1361,1213,1,1,1723,1
1,0,47,2,119,652,2500,0,1,1882,2
1,0,18,4,627,935,2801,1,0,803,2
1,0,47,3,1086,1345,3451,1,0,580,3
0,1,48,1,195,1292,1201,1,0,668,0
0,1,36,1,14,1256,3139,1,0,1391,2
0,1,22,7,745,1364,1938,1,1,1560,2
1,0,54,3,253,1786,3185,0,0,821,2
1,1,2,6,333,1429,2111,0,1,811,1
1,0,17,8,629,682,2369,1,0,1989,2
1,0,37,7,707,1199,3625,1,1,1034,3
0,0,6,1,1314,1688,1051,0,1,618,0
0,1,52,4,1715,1898,1036,0,0,654,1
0,1,10,5,513,1438,2938,1,1,576,2
0,1,3,6,13,1463,2855,0,1,667,2
0,1,57,1,1243,1584,2727,0,0,869,2
1,0,42,3,300,1059,2973,0,1,635,2
0,1,44,1,58,1253,2581,0,1,609,1
1,0,2,5,1107,1442,2690,0,1,1557,3
0,0,33,8,134,939,916,1,1,1604,0
0,1,8,8,275,986,2563,0,0,1182,2
1,1,19,7,176,1029,3359,0,0,848,2
0,1,64,4,1236,1280,941,1,0,1610,1
1,0,17,1,336,898,2280,0,0,1828,2
1,1,50,7,1116,1381,827,0,1,880,0
1,1,62,5,1010,1565,473,1,0,1394,0
1,1,61,7,205,1299,3865,0,0,1960,3
0,0,21,7,1453,1726,1274,0,0,809,1
1,1,57,2,788,1331,364,1,0,899,0
1,0,32,2,1301,1922,3699,1,1,1976,3
1,1,21,4,463,1038,2927,0,1,879,2
0,0,36,4,188,992,1470,1,0,916,0
1,1,2,8,1028,1186,1050,1,0,763,0
1,0,9,6,1419,1920,2616,1,1,508,2
1,0,34,8,1471,1866,2915,1,0,825,3
0,1,46,1,168,981,2686,1,1,1864,2
1,1,52,6,1125,1195,1243,1,1,1725,1
0,0,52,2,130,1706,3264,1,1,1108,3
0,1,36,7,481,749,2261,1,1,1011,1
1,1,55,5,1411,1711,2993,1,1,1703,3
1,0,58,7,79,681,706,1,0,1067,0
0,1,42,5,1187,1974,2542,0,0,1334,3
0,0,30,7,561,1510,2523,0,1,775,2
0,0,26,2,96,814,336,0,1,1899,0
1,1,14,6,77,1025,2457,1,0,930,1
0,0,19,4,493,1247,418,0,1,1058,0
0,1,46,2,1173,1814,3917,0,1,1187,3
1,0,8,7,964,1233,1246,0,1,1874,1
0,0,48,7,634,642,2971,1,1,1482,2
0,1,59,3,639,721,2324,0,1,1809,2
1,1,54,2,127,1670,3121,1,1,864,2
0,1,33,1,431,550,3801,0,0,625,2
0,1,18,3,71,699,3333,0,0,1880,3
0,1,44,8,111,1138,3475,0,0,1138,3
0,0,23,8,356,1903,2360,1,1,560,1
0,0,12,7,798,817,2895,1,0,1117,2
0,0,63,7,747,1126,3652,0,0,1712,3
1,0,26,6,408,1139,3097,1,0,1836,3
0,0,39,7,373,926,2101,1,0,1036,1
0,0,23,4,1362,1506,3918,1,0,1860,3
0,1,9,7,475,726,3869,1,1,1375,3
1,1,57,4,743,1753,732,1,0,1945,1
1,1,7,2,447,794,3684,0,0,1896,3
1,1,57,8,42,1161,3969,1,1,788,3
1,0,33,2,30,1350,1414,1,0,880,0
1,1,28,4,162,619,1892,1,1,1323,1
1,1,42,1,347,660,3131,1,1,1868,3
1,1,7,3,346,1468,2532,1,1,1266,2
1,1,50,7,727,1705,3215,1,1,1042,3
0,0,19,3,180,1476,3323,0,1,1479,3
1,1,55,4,1641,1666,1529,0,1,1476,2
0,1,13,6,269,1026,2403,1,1,1552,2
1,0,34,4,250,1033,3419,1,0,1454,3
0,0,45,5,1186,1529,3648,0,0,1007,3
1,1,17,5,77,559,1974,0,0,652,0
0,1,34,8,507,973,2806,0,1,1504,2
1,0,51,4,379,1223,2239,0,1,1726,2
1,1,5,5,264,956,582,1,1,1029,0
0,1,44,6,1486,1797,3890,1,1,1582,3
1,0,48,5,694,882,1141,0,1,1478,1
0,0,49,5,579,596,2511,0,0,1178,2
1,0,25,3,495,574,3838,0,1,707,3
0,1,51,4,315,990,2734,0,1,755,2
0,0,54,8,329,1053,2330,1,0,912,1
1,1,63,5,548,858,2244,1,0,651,1
0,1,54,7,531,758,1851,1,0,1483,1
0,0,4,2,191,1495,808,1,0,914,0
1,0,7,5,823,1104,1587,0,1,1456,1
1,0,57,3,96,1352,2492,1,0,1178,2
0,1,43,4,841,1304,2122,0,0,1503,2
0,0,11,2,195,1205,1122,1,1,1681,0
1,0,48,4,21,562,3709,0,0,715,2
1,1,56,3,235,585,3021,0,0,1876,2
1,0,47,6,1417,1441,624,1,1,1190,0
0,1,24,7,286,1075,3937,0,1,1755,3
0,1,20,6,649,1629,1797,1,1,1197,1
0,1,28,2,966,1975,1458,0,1,1048,1
1,1,17,8,1172,1798,3348,1,0,1887,3
1,0,64,8,270,545,1834,1,1,1772,1
0,1,57,1,781,1657,2775,0,1,1421,3
1,1,17,6,418,1341,1277,0,0,1464,1
1,0,23,4,126,817,457,1,1,728,0
0,0,50,2,228,1058,438,0,0,954,0
1,1,13,7,1091,1203,3210,1,1,685,3
1,0,36,6,1452,1744,985,1,0,1472,1
0,1,3,2,674,740,3701,1,0,853,3
0,0,8,7,398,1133,1052,1,0,1469,0
1,0,57,8,449,889,1175,0,0,1310,0
0,0,11,7,1184,1719,1070,1,1,1654,1
0,0,3,7,675,1285,3411,0,1,902,3
1,0,26,3,1792,1850,1175,1,0,1448,1
1,1,3,7,177,1905,301,0,0,1631,0
1,0,28,2,1013,1158,489,0,1,1608,0
0,1,64,2,1058,1325,1733,1,0,1991,2
1,0,62,5,592,772,2756,0,0,1349,2
0,1,51,1,810,1743,2612,0,0,1589,2
1,0,51,8,533,882,1724,1,1,1844,1
1,1,35,2,558,1208,2190,1,1,712,1
0,1,54,3,681,1050,1900,0,1,972,1
1,1,34,3,1017,1366,3915,0,1,1406,3
0,1,25,6,765,899,1043,1,0,1289,0
0,0,64,7,1176,1224,3817,1,1,932,3
0,1,48,3,947,1131,2362,1,0,1747,2
1,0,41,3,1314,1884,1107,0,0,1172,1
0,0,53,5,609,1370,2982,1,0,1128,3
1,0,28,5,754,1497,2042,1,0,664,1
0,1,44,4,619,867,1343,1,0,513,0
1,1,43,7,453,681,2610,0,1,1742,2
0,0,6,7,205,884,2335,1,1,1512,2
1,1,51,8,282,1358,1614,1,1,1986,1
1,0,13,2,130,998,1138,1,0,965,0
1,1,40,8,494,1989,604,0,0,1067,0
0,1,42,3,275,862,3652,0,0,1583,3
1,1,37,4,447,1785,3955,1,1,1653,3
0,0,4,8,281,799,258,1,1,1433,0
0,1,18,7,6,793,1066,1,0,765,0
1,0,61,1,292,695,1731,0,0,1845,1
1,0,48,7,164,728,3860,0,0,752,3
1,0,16,5,631,1940,3630,1,0,1948,3
1,1,45,3,897,1304,1965,1,0,1077,1
0,1,60,4,268,1078,1459,1,0,932,0
0,0,22,3,861,1259,2323,0,1,1968,2
0,0,2,4,331,790,3291,1,1,1122,2
0,1,61,1,1064,1594,3272,1,0,1588,3
0,0,26,4,509,548,918,0,0,601,0
0,0,15,4,622,1256,3488,0,1,1615,3
1,0,58,4,957,1911,3961,0,1,1589,3
0,1,56,6,494,1649,590,0,1,1417,0
0,1,34,1,236,1264,3701,1,0,1697,3
1,0,3,5,980,1262,463,0,1,1330,0
0,1,43,2,1789,1972,3644,0,1,1476,3
0,0,27,6,831,1484,1713,1,1,1579,1
0,1,41,4,902,1090,429,1,1,1277,0
1,1,2,5,636,1259,2765,0,1,1089,2
1,1,27,4,831,1439,2084,0,0,1663,2
0,0,20,5,518,592,1125,0,0,1949,1
0,1,48,3,233,1777,2048,1,1,1138,2
0,0,17,6,725,870,1223,0,1,685,0
0,1,31,1,170,1106,3672,1,1,1889,3
1,0,17,7,157,948,3100,1,0,857,2
1,0,50,8,1142,1393,343,1,0,1902,0
0,0,15,5,840,982,1970,1,0,1225,1
0,0,39,5,401,1586,2728,1,1,1066,2
1,0,5,3,395,1579,3635,0,0,1554,3
0,0,31,2,48,644,2180,0,1,1337,1
1,1,33,3,982,1157,2488,0,0,1926,2
1,0,34,2,478,539,3864,0,0,869,3
1,0,54,8,581,750,1155,0,1,1278,0
0,1,32,6,1215,1472,3566,0,1,1773,3
1,1,6,7,594,1337,864,0,1,1661,1
0,1,32,7,683,1663,869,1,1,1438,0
0,0,29,2,536,861,591,1,1,1661,0
0,0,19,1,83,773,1333,1,1,1846,1
1,1,23,7,905,1313,2208,0,1,1260,2
1,0,15,3,249,1849,2610,1,1,512,2
0,0,59,5,803,1613,2819,0,1,581,2
0,0,44,3,459,1259,1955,0,1,1872,2
0,1,50,4,584,1151,3416,1,0,687,3
1,0,10,1,1596,1807,3803,0,1,1062,3
1,0,7,1,418,1763,574,0,0,1678,0
0,1,45,4,364,1029,2129,0,1,1417,1
1,1,9,6,946,952,1948,1,1,1074,1
0,0,2,7,186,654,2978,0,0,1832,2
0,1,12,8,1428,1827,1619,1,1,1039,1
0,0,61,3,1613,1916,3716,1,0,1059,3
0,0,57,4,1127,1924,3454,0,1,1606,3
0,1,19,3,691,1580,3777,1,1,1928,3
1,1,55,1,1802,1942,2712,0,1,1875,3
0,1,46,8,751,1582,1434,0,0,1128,1
1,1,14,3,859,1234,3968,0,1,1748,3
1,0,51,5,187,517,3383,0,0,1413,3
1,1,23,2,206,1917,3278,0,1,825,3
0,1,26,8,1673,1759,3970,0,1,1589,3
1,1,54,8,710,939,2674,0,0,535,2
0,0,27,4,1331,1463,2776,1,1,1780,3
1,1,61,2,263,848,2336,0,0,1671,2
0,1,12,1,97,1803,2430,1,1,1821,2
0,1,38,6,129,915,891,1,0,1076,0
1,0,8,5,1213,1354,728,1,0,532,0
0,0,30,5,189,1143,3886,0,0,777,3
0,0,17,4,628,632,1711,0,1,1217,1
1,0,16,7,320,899,2856,1,1,1656,2
0,0,31,8,837,1642,2447,1,1,1185,2
0,1,37,6,1087,1450,814,1,1,577,0
1,0,49,4,781,1463,2951,1,0,737,2
1,0,53,6,251,1013,3653,1,1,704,2
1,0,51,8,262,1587,1891,1,0,525,1
1,0,16,1,767,1665,701,0,1,504,0
1,1,38,4,1226,1815,3139,1,1,793,3
1,0,39,8,389,739,2811,0,1,569,1
1,1,21,5,920,963,1701,0,1,1590,1
0,1,16,2,1027,1508,1853,1,1,707,1
0,1,19,6,271,1000,2445,1,1,767,1
1,1,50,8,369,544,2287,1,0,1350,1
1,0,31,2,1258,1627,2003,1,1,1117,2
0,1,7,1,417,759,3595,1,1,641,2
1,1,35,2,1345,1416,1726,0,1,1002,1
1,0,45,5,613,1088,3952,0,1,1408,3
1,0,41,8,912,1596,850,1,1,1900,1
0,0,43,8,666,760,1446,1,0,726,0
0,1,45,8,236,857,1300,1,0,1544,1
0,1,21,4,186,1100,719,1,1,1454,0
1,0,26,5,416,676,988,1,1,1230,0
0,1,53,8,430,658,2606,0,0,1552,2
0,0,32,1,168,1239,2912,1,0,1519,2
0,0,30,1,1467,1901,2339,1,1,723,2
1,0,13,1,179,1813,1028,1,1,1191,0
0,0,61,8,159,1578,3173,0,1,1168,3
1,0,14,2,120,1878,1667,0,1,1229,1
0,1,13,8,762,1864,1897,0,0,1758,2
0,0,3,6,600,1109,1214,1,1,1290,1
1,0,38,6,286,1171,3269,1,0,574,2
0,0,32,7,1350,1949,445,0,1,1271,0
0,0,30,8,27,1722,1073,1,0,1170,0
0,0,52,2,1597,1920,665,0,0,1269,1
1,0,50,2,1177,1809,3129,0,0,1288,3
1,1,34,2,402,964,3501,0,0,1366,3
1,1,8,5,577,1237,3461,1,1,1572,3
1,1,32,6,52,1082,3206,1,0,1627,3
0,1,46,2,364,828,3717,1,0,1701,3
1,1,55,1,934,1241,3917,0,1,1900,3
0,0,24,7,250,545,861,0,1,1974,0
1,0,20,5,214,1710,2885,1,1,1197,2
1,0,6,1,612,1793,2777,1,0,587,2
0,0,24,5,1111,1463,1017,0,1,934,0
1,1,23,4,163,1100,980,0,0,1195,0
0,0,23,1,202,1951,2775,0,0,1853,3
0,1,19,8,729,1704,3309,0,1,1164,3
0,1,18,3,1079,1897,3607,1,1,1512,3
1,1,24,5,361,809,1257,0,0,1232,0
1,1,5,3,338,1306,759,1,0,1813,0
1,0,5,3,1698,1771,3720,1,0,946,3
1,1,58,3,1052,1536,475,0,1,739,0
0,1,29,1,1108,1509,1122,1,1,704,0
0,0,40,4,951,1545,1336,0,0,1663,1
1,0,40,8,1197,1987,1185,1,0,1966,2
1,0,17,5,473,1022,705,1,1,1219,0
0,0,35,5,1294,1337,3169,0,0,612,2
0,1,39,1,410,522,3483,0,1,1658,3
0,0,64,5,178,1883,1183,0,1,1263,1
0,1,55,3,782,1787,3373,1,0,1395,3
1,0,54,4,434,910,2801,1,1,621,2
1,0,58,3,464,781,565,0,1,652,0
0,0,25,2,137,1501,3153,0,0,1175,2
0,0,11,8,492,1176,3421,1,1,561,2
0,1,3,5,1250,1285,316,0,0,1137,0
0,1,11,7,385,583,448,0,0,1835,0
1,0,40,6,427,684,2366,1,1,1170,1
1,1,44,4,1024,1838,3881,0,1,1595,3
0,0,12,8,240,904,462,0,0,1719,0
1,0,7,7,886,1552,1480,0,0,1770,1
1,1,28,2,1233,1854,1087,0,0,1312,1
1,1,56,5,183,559,2711,1,1,1878,2
0,1,20,7,88,1682,2144,1,1,1871,2
1,1,35,7,1016,1383,1165,1,1,922,0
0,1,16,8,80,655,2998,1,0,1975,2
0,1,46,4,611,1715,2249,1,1,1212,2
0,0,56,3,569,906,752,0,1,1430,0
1,0,4,2,304,637,1409,0,0,1958,1
1,1,30,7,276,1230,3072,1,0,1836,3
0,0,24,3,1131,1315,1305,0,1,557,0
1,0,21,7,551,599,3597,0,0,539,2
1,0,44,8,436,1302,3132,1,1,880,2
1,0,34,1,553,727,3856,1,1,1369,3
1,0,39,1,1391,1787,1524,1,1,1109,1
1,0,16,5,981,1096,3673,0,1,843,3
1,0,21,2,680,1173,3293,0,1,598,2
1,0,5,4,687,816,3035,0,1,972,2
0,1,36,6,1060,1970,584,1,0,1944,1
1,1,2,7,217,1101,2675,1,0,1225,2
1,1,30,1,1140,1654,2382,0,1,644,2
0,1,48,4,304,1191,1391,0,1,1919,1
0,1,54,4,504,1089,2346,0,1,501,1
1,1,30,3,832,1033,606,0,0,1620,0
1,0,34,3,935,1781,1324,1,1,1227,1
1,1,58,6,446,901,1076,1,1,1359,0
0,0,35,8,942,1701,643,0,1,1914,1
0,0,21,7,897,1308,783,0,0,1645,0
0,1,26,5,1208,1232,3809,0,1,1063,3
0,1,19,8,159,630,2104,1,0,946,1
1,0,54,3,632,1184,1762,1,0,1231,1
1,0,9,6,1308,1991,3137,1,1,1397,3
0,0,15,3,1002,1256,1756,1,1,701,1
1,0,9,7,1331,1917,3663,0,0,570,3
0,1,27,8,150,510,2437,0,0,1993,2
1,0,43,5,1248,1511,1432,1,1,955,1
1,1,47,8,108,1813,1620,0,0,924,1
0,0,14,5,320,747,1655,0,0,600,0
1,0,3,7,437,1947,2832,0,1,518,2
0,1,31,6,295,935,961,1,0,1063,0
0,0,46,3,1058,1421,2608,0,1,920,2
0,1,3,5,79,1652,514,0,0,1715,0
1,0,14,8,593,672,2304,0,1,1841,2
1,1,60,5,693,1031,933,1,0,543,0
1,1,25,1,300,527,1896,1,1,1762,1
1,0,53,4,234,739,3655,1,0,1112,3
1,0,35,1,1545,1596,1973,1,1,709,1
0,0,64,7,59,575,3278,0,0,1315,2
0,1,15,8,1103,1364,2183,1,0,1762,2
1,0,25,7,91,1478,824,0,1,1462,0
1,0,35,7,177,1282,2598,1,0,571,1
1,1,54,3,58,1353,1254,1,1,666,0
1,1,7,8,447,1435,3622,0,1,1994,3
1,0,14,7,942,1651,1704,0,1,1583,2
1,1,45,4,88,516,1624,1,0,1778,1
0,1,50,6,371,1000,3809,1,0,1926,3
0,1,50,4,1446,1754,2574,0,1,966,2
0,0,36,3,181,1703,950,0,0,568,0
0,1,21,8,1311,1935,273,1,1,1897,0
1,1,46,3,1791,1898,446,1,1,1695,1
0,1,61,7,1568,1832,1510,1,0,1623,2
0,1,26,4,706,721,1122,1,1,914,0
1,1,33,4,871,1048,707,1,1,1721,0
1,0,44,8,1074,1873,751,0,0,890,0
0,0,48,3,501,1465,3393,0,0,600,2
1,0,11,6,271,1477,3771,0,0,1677,3
0,1,3,4,920,1748,1851,0,0,723,1
1,0,27,4,1171,1383,2735,1,0,638,2
1,1,62,7,293,1159,2253,1,0,852,1
1,0,32,7,833,1630,452,1,0,1979,0
0,0,32,5,485,857,1419,1,0,710,0
1,1,45,3,182,1293,969,0,0,1034,0
1,1,22,1,207,1162,3441,0,0,600,2
0,1,64,2,1698,1747,3786,0,0,1027,3
0,1,13,6,165,736,2710,1,0,1260,2
1,0,12,6,1086,1418,3533,1,1,1793,3
0,0,60,5,192,757,1735,0,1,675,0
0,1,12,7,1156,1750,3587,0,0,658,3
0,1,34,7,377,549,2298,1,0,1694,2
1,1,41,1,709,818,2027,0,0,804,1
1,0,27,7,729,974,2406,0,1,1713,2
0,1,31,3,543,938,2419,0,1,706,1
0,0,25,7,553,1505,995,1,1,1362,0
0,1,60,5,526,1116,2078,1,1,1527,2
1,0,19,2,637,991,1145,0,1,768,0
1,1,41,4,113,577,626,1,1,1314,0
0,1,57,6,1114,1374,1509,1,1,705,1
0,1,26,5,461,1251,3371,0,1,1403,3
0,0,52,4,1430,1747,297,1,0,1486,0
0,0,38,5,304,1674,3508,0,1,781,3
0,1,23,8,471,800,2385,0,0,986,1
0,0,33,1,806,1016,1301,0,1,1310,1
1,1,57,3,80,1327,2167,0,1,560,1
0,0,43,5,204,501,3914,0,1,1348,3
1,0,22,6,545,1621,2312,0,0,1567,2
1,0,17,5,112,858,2297,1,0,1940,2
1,1,19,3,1331,1532,411,1,1,1979,0
1,1,2,3,1055,1294,665,1,0,561,0
0,0,62,1,609,810,3226,1,0,1717,3
0,1,48,1,290,811,740,1,0,535,0
1,1,39,5,1039,1318,3878,0,0,1413,3
1,0,20,7,1485,1655,3406,0,1,1358,3
0,0,30,7,1122,1702,2440,1,1,1519,2
1,0,50,5,462,1013,3959,1,0,1254,3
0,1,49,6,1384,1883,3703,1,0,1591,3
1,0,35,2,1502,1862,3714,1,1,977,3
0,1,21,7,589,1301,337,1,0,1640,0
1,0,25,2,82,1605,3176,0,1,663,2
0,1,20,8,68,718,1205,0,0,1744,1
1,0,28,2,689,699,2473,0,0,1624,2
1,1,2,7,208,1742,1229,1,0,1108,0
1,1,9,2,1339,1558,2896,0,1,1188,3
0,0,11,3,722,766,2039,1,0,817,1
1,1,6,4,717,1799,520,0,1,863,0
1,1,3,3,433,1658,1378,1,1,1397,1
0,0,49,5,1298,1666,3254,0,0,1108,3
1,1,37,7,186,1998,1803,0,0,1068,1
0,1,52,2,1397,1491,2501,0,0,1702,3
1,0,8,4,618,1891,3762,0,1,808,3
0,0,61,7,1214,1262,1796,1,1,1156,1
1,0,54,8,613,650,990,1,1,1271,0
0,0,51,3,649,907,2630,0,1,696,1
1,0,45,6,193,1234,1380,1,0,1981,1
1,1,58,7,22,519,3487,1,1,614,2
1,0,7,3,1464,1595,1201,1,1,1590,1
0,0,21,3,280,895,3015,0,0,1945,3
1,0,43,1,690,1589,3204,0,0,1135,3
1,1,2,6,39,1564,433,0,0,1049,0
0,0,49,1,337,1384,1906,1,1,1807,2
0,1,42,7,1036,1611,898,1,0,984,0
1,1,61,7,1347,1733,2799,0,1,720,3
0,0,13,7,22,1634,2020,1,0,1536,2
0,0,25,4,327,922,770,1,0,771,0
0,0,57,6,778,1291,305,0,1,503,0
0,0,42,7,482,874,2953,1,0,675,2
1,1,34,7,591,1089,1671,0,1,1936,1
1,1,15,3,229,1604,2574,1,1,1303,2
1,0,35,6,901,1162,3772,1,1,1004,3
1,0,37,2,715,1648,2870,0,0,1972,3
0,0,8,6,172,910,2577,1,0,1822,2
0,1,18,1,681,723,2246,1,0,1159,1
1,1,58,1,867,999,2405,0,1,1782,2
1,0,16,8,286,1300,3377,1,1,894,2
1,1,43,1,451,819,3619,1,1,1884,3
0,1,17,2,1119,1238,1184,0,1,1648,1
0,0,4,3,526,643,2965,1,0,798,2
1,0,45,3,1299,1633,3713,0,0,802,3
1,0,53,2,217,735,3798,1,1,1276,3
0,0,16,2,1109,1226,1026,0,1,1331,1
1,0,5,6,434,1339,1086,0,0,1620,1
0,1,51,4,671,1445,2236,0,1,1996,2
1,0,45,1,1404,1424,1303,1,1,1092,1
1,0,63,5,856,883,3048,0,1,1018,2
0,1,11,3,381,1452,616,1,1,545,0
0,0,12,6,85,806,3764,1,1,554,2
1,1,34,3,562,849,419,1,1,1264,0
1,1,58,6,1111,1812,2858,1,1,1030,3
1,1,39,4,209,947,504,1,0,1432,0
0,1,49,5,997,1605,392,1,1,558,0
0,0,56,7,91,1916,820,0,1,829,0
0,0,14,8,730,1895,3387,0,0,1741,3
0,1,15,5,606,1123,3447,0,1,1849,3
0,1,7,7,445,1409,1403,1,0,733,0
1,0,16,2,286,1484,2295,0,1,1872,2
1,0,27,6,985,1005,1973,0,1,1853,2
0,0,30,6,1617,1675,3755,0,0,1149,3
1,1,25,2,375,1724,2073,0,1,891,1
0,1,64,8,1795,1958,3872,1,0,1911,3
0,1,23,2,486,1930,302,0,0,550,0
0,1,27,2,757,1518,1519,0,1,576,1
0,1,50,1,273,1704,2549,1,0,1760,2
0,0,45,7,491,589,404,0,1,969,0
0,1,63,3,762,859,595,0,1,1160,0
1,1,18,2,448,821,1663,1,1,827,0
0,1,58,7,231,1671,2764,1,1,1786,3
1,1,8,1,1713,1865,2614,1,1,774,2
1,1,11,8,438,822,1094,0,0,819,0
0,1,11,5,68,1018,2826,0,0,1042,2
1,0,50,7,698,829,2496,1,1,1368,2
0,1,50,2,510,522,2103,0,0,1592,1
1,0,14,1,965,1009,966,0,1,1067,0
0,0,47,4,1399,1564,2172,1,1,1892,2
0,0,56,8,532,1448,905,1,0,915,0
0,1,55,3,8,896,3916,1,0,774,3
1,1,42,2,154,605,3902,0,1,1848,3
0,1,2,1,198,1056,2487,1,1,1501,2
0,1,55,3,860,1330,3914,0,0,1614,3
0,0,46,5,461,670,363,1,0,911,0
0,1,24,5,109,1909,3233,0,1,1520,3
1,1,38,6,193,1185,2532,0,1,1647,2
1,1,53,6,961,1008,3836,0,1,1347,3
0,0,25,8,243,1642,3076,1,1,967,2
0,1,56,5,1626,1668,1513,1,0,1442,2
0,0,10,7,480,1482,1724,0,0,1204,1
1,1,41,7,123,1229,542,1,0,1320,0
0,1,8,7,400,823,3481,0,1,1800,3
1,0,22,3,190,1326,3991,0,0,1567,3
0,1,20,1,626,932,1790,0,1,1439,1
0,0,3,1,1,926,509,1,1,1422,0
1,1,52,3,548,1641,282,1,1,1591,0
0,0,6,4,632,660,3006,0,0,880,2
1,1,19,6,349,1051,1913,1,0,1929,1
1,0,5,5,1686,1889,1333,0,1,1642,2
1,0,21,3,1455,1982,3746,0,0,1511,3
0,1,10,2,95,893,3941,1,1,1312,3
0,1,10,1,580,1163,3970,0,1,1852,3
0,0,44,7,297,589,3925,1,0,972,3
1,1,33,4,951,962,424,1,1,691,0
0,0,8,5,667,697,1284,1,1,807,0
1,0,25,1,1047,1312,277,0,1,1113,0
1,0,16,1,408,1862,1713,1,1,721,1
1,0,54,6,1150,1469,485,1,0,1188,0
0,0,52,1,333,952,3002,0,1,1512,2
0,0,64,4,641,704,418,1,1,805,0
1,0,8,7,653,671,1652,1,0,918,1
1,0,48,5,103,1583,2893,0,1,1320,2
1,1,57,1,517,809,1406,0,1,1236,0
0,1,61,3,785,1151,629,1,0,1387,0
1,1,30,2,531,791,3724,1,1,1883,3
1,0,14,7,564,1391,3835,0,0,839,3
0,1,52,8,761,1336,1354,1,1,1593,1
0,0,25,6,1179,1638,2376,0,1,1722,3
1,0,7,3,673,690,3438,0,0,1954,3
1,1,2,6,472,1073,2655,0,1,1788,2
0,1,33,6,412,643,3361,0,0,1628,3
0,1,4,7,977,1660,3535,1,1,1965,3
0,0,27,1,359,1395,2150,1,1,833,1
0,1,43,3,224,783,2587,0,0,571,1
1,0,31,2,714,1208,2736,0,1,1808,3
1,1,55,6,195,799,676,0,1,1860,0
1,0,9,7,843,1145,2941,1,0,1368,3
1,1,21,8,308,1169,3336,0,1,1161,3
0,0,33,1,522,563,3796,1,0,1224,3
1,0,63,5,364,1360,3654,1,1,902,3
0,0,11,1,806,1423,2934,0,1,787,2
0,0,30,8,518,1152,2889,0,1,854,2
1,1,48,1,519,1577,3315,1,1,1184,3
1,1,39,4,792,1181,1993,0,0,1973,2
1,0,35,3,382,1228,2509,1,1,510,1
0,1,34,2,214,1523,3534,1,1,966,3
0,0,16,8,859,867,2246,0,0,1438,2
0,0,51,3,342,774,3165,0,0,1986,3
0,0,55,7,713,1513,286,0,1,1907,0
1,0,32,1,172,812,776,0,0,1489,0
1,1,16,6,118,580,3213,1,0,1843,3
0,0,38,3,540,783,716,1,0,825,0
0,1,16,2,18,662,424,1,0,1286,0
0,1,63,7,987,1081,3486,1,0,840,3
1,1,58,4,535,697,3237,0,1,757,2
1,0,41,2,1092,1406,1944,0,0,814,1
1,1,8,6,327,1001,643,0,0,1195,0
0,1,10,4,517,1995,2317,1,1,767,2
0,1,52,8,994,1500,1436,0,0,1068,1
1,0,56,3,491,530,3190,1,1,994,2
0,0,21,2,268,832,2338,1,0,1550,2
0,0,29,8,210,1026,1334,0,0,1878,1
0,0,6,3,144,672,3657,1,0,623,2
0,1,15,5,729,1267,2080,0,1,1829,2
1,0,35,7,82,670,1609,0,0,525,0
0,1,14,2,188,928,3078,0,1,1065,2
0,1,35,8,150,1897,590,1,1,1425,0
1,0,11,7,1222,1382,2552,1,1,1296,2
0,0,34,2,331,1011,3355,0,0,642,2
1,1,15,7,1178,1929,1968,0,0,1664,2
0,1,8,7,347,1076,3358,0,0,1498,3
1,0,2,3,75,688,1539,0,0,981,0
0,1,32,4,492,1403,942,1,1,1236,0
1,0,9,3,65,734,3669,0,1,1673,3
0,1,9,2,881,1234,3612,0,0,712,3
1,1,4,3,351,1159,2351,1,0,569,1
1,1,64,6,1842,1968,604,1,1,603,0
1,0,11,2,758,1165,1285,1,0,1332,1
0,1,13,1,1323,1481,515,1,0,1413,0
1,1,34,6,1175,1569,654,0,0,1064,0
0,0,48,5,1092,1554,2540,1,1,1444,3
1,1,53,5,647,1876,3869,0,1,1366,3
1,0,18,2,1102,1793,3412,0,0,906,3
1,1,47,5,319,1367,509,0,0,1554,0
0,1,21,6,215,1125,2547,1,0,1187,2
1,1,30,3,945,1913,2735,0,1,1156,2
0,0,22,1,381,1203,1369,1,1,1918,1
1,0,39,6,546,828,2942,1,1,841,2
1,0,6,7,1096,1155,2812,0,0,730,2
0,1,31,4,575,618,3497,1,0,878,2
1,0,50,8,519,1545,619,1,1,1059,0
0,0,3,1,342,670,3483,0,0,1578,3
0,0,36,5,291,563,1475,0,0,1829,1
0,0,8,1,1091,1293,1950,1,1,1132,1
1,1,40,7,352,1084,3592,0,0,1652,3
1,0,58,5,165,1723,3573,1,0,912,3
0,1,61,2,385,831,2020,1,0,1181,1
0,0,32,3,1920,1933,1329,1,0,1497,2
1,1,49,3,396,1980,3568,0,1,1790,3
0,0,49,1,1134,1469,1947,0,1,1742,2
0,0,8,5,721,1514,1998,1,0,1549,2
0,0,34,4,687,937,725,0,0,1372,0
0,1,12,4,777,1119,3302,1,1,1112,3
0,0,46,8,176,1556,3884,1,1,1005,3
1,1,27,6,458,1263,1185,1,1,783,0
0,1,26,2,485,1819,1656,0,1,1698,2
0,1,53,4,641,1638,2870,0,1,899,2
0,0,45,3,798,1435,911,0,0,1062,0
0,0,17,3,256,1394,3892,1,0,989,3
1,1,27,1,370,1197,3897,1,1,1983,3
0,0,53,1,191,1108,656,0,1,1800,0
0,1,45,3,1571,1956,606,1,1,1254,1
0,0,30,4,276,1026,1653,0,0,868,1
1,0,12,4,573,614,860,0,1,1205,0
1,0,10,2,160,516,2197,1,1,1284,1
1,1,23,2,90,1334,3458,0,1,626,2
1,1,53,4,138,806,2066,1,1,1763,1
1,0,36,4,983,1230,3676,0,1,694,3
1,1,49,1,275,687,1518,0,1,1265,1
0,0,14,3,149,558,1018,0,0,816,0
0,1,35,3,42,507,1360,0,0,904,0
1,1,5,7,793,1670,3449,0,0,979,3
0,1,60,6,625,765,2524,0,0,1531,2
1,0,30,8,521,1190,703,0,1,934,0
1,0,58,3,1530,1744,1251,1,1,1624,1
0,0,8,1,442,1248,582,0,0,874,0
0,0,63,5,152,714,1732,1,1,1027,1
1,1,48,1,1242,1973,1252,1,1,1966,2
0,1,29,1,29,1670,2146,0,0,1048,1
1,0,38,4,501,506,1927,0,1,1496,1
0,0,13,4,87,736,3328,1,1,959,2
1,0,55,7,648,1019,2462,0,1,1349,2
1,1,13,2,521,674,1172,1,1,1689,0
0,1,27,1,120,1409,3598,0,1,1558,3
1,0,27,3,985,1420,2437,1,1,582,2
0,1,44,4,341,774,3271,1,0,1485,3
0,0,9,3,751,1377,1511,0,0,1991,1
1,1,23,3,993,1517,2981,0,0,553,2
1,0,7,1,43,1663,3119,1,0,1231,3
0,0,34,6,1262,1538,3647,0,1,805,3
1,0,13,8,361,511,3148,1,0,764,2
0,1,54,3,104,541,2829,0,1,894,2
0,0,46,3,618,940,2373,1,0,1589,2
1,1,39,8,815,1666,3998,1,0,1456,3
1,1,33,2,1587,1659,316,0,0,743,0
0,1,52,7,138,1330,999,1,0,1061,0
0,0,7,4,584,983,1808,1,0,1428,1
1,1,8,3,750,772,589,1,0,674,0
0,1,46,6,820,1366,3317,1,0,832,3
1,1,50,8,8,1219,670,0,0,1625,0
1,0,42,1,171,507,584,0,0,907,0
0,1,13,2,960,1735,2173,1,0,1631,2
0,0,41,4,160,1291,1561,0,1,1584,1
0,1,13,2,612,719,2073,0,1,1382,1
0,1,46,6,709,1915,1401,1,0,633,1
0,0,38,7,624,917,3764,0,0,1444,3
1,1,54,5,538,730,1275,0,1,852,0
0,1,47,8,1295,1808,1464,0,1,922,1
1,1,57,3,1164,1908,2885,1,1,1745,3
0,1,6,8,829,1977,3458,1,1,862,3
1,1,52,4,199,1452,3019,0,1,1754,3
0,0,36,1,825,1972,1083,0,0,1008,1
1,0,33,1,519,930,3538,0,1,1569,3
1,0,7,2,169,1190,2493,1,1,1596,2
1,1,61,6,1734,1968,3726,0,0,1807,3
1,0,7,1,76,1165,1531,0,0,1660,1
0,1,55,7,1698,1877,601,0,0,1861,1
1,0,8,5,819,1997,2991,0,1,648,2
1,0,19,8,387,671,3912,1,1,1379,3
0,0,34,2,985,1284,309,0,1,1910,0
1,1,13,8,970,974,323,1,1,1807,0
1,0,46,1,767,1759,1489,1,1,1923,1
0,1,38,3,512,1465,1322,0,0,1345,1
1,1,14,8,56,760,1846,0,1,904,1
1,1,52,2,590,661,417,0,1,1239,0
0,1,52,4,462,1304,3269,1,0,1330,3
1,0,30,1,126,698,3731,0,0,516,2
1,0,54,4,578,1143,667,0,0,672,0
0,1,47,1,655,1782,1241,0,1,892,1
0,1,23,6,1028,1445,3941,0,0,1778,3
0,1,58,5,88,1261,1018,0,0,1130,0
0,0,59,2,1692,1902,3142,1,1,1359,3
1,1,47,5,358,1782,1444,0,0,1866,1
0,0,34,1,64,1667,934,1,0,1597,0
1,1,58,8,259,1040,3863,1,1,1046,3
1,1,44,3,236,1960,3506,1,0,1035,3
0,0,19,7,873,1394,1944,1,0,1175,1
1,1,11,4,858,1591,348,0,1,1261,0
1,0,51,4,1405,1910,550,1,0,1068,0
1,1,20,7,237,890,971,0,0,1713,0
0,1,21,7,650,864,3984,1,1,1688,3
1,1,45,5,1949,1994,2973,0,1,1413,3
0,0,11,5,541,823,2019,1,1,559,1
1,0,19,7,361,1552,1587,0,0,1483,1
1,0,48,7,335,1463,1870,0,0,860,1
1,0,27,4,1638,1910,1352,1,0,1090,1
0,0,3,6,1109,1392,570,1,0,686,0
0,0,43,6,111,510,546,1,1,818,0
1,0,49,3,1285,1427,3624,1,0,1456,3
1,1,10,2,1480,1731,2944,1,1,774,2
1,1,19,8,322,875,1209,1,0,1068,0
1,1,29,6,1220,1348,2752,1,1,1373,3
0,0,20,6,511,616,3868,1,1,1777,3
0,1,28,5,1011,1263,3087,1,1,594,2
1,0,57,2,629,635,947,1,1,1524,0
1,0,50,3,140,622,1484,0,0,511,0
1,0,46,7,1081,1767,347,0,1,1402,0
0,0,53,8,297,653,3227,0,0,965,2
0,0,58,5,1512,1716,3299,0,1,1270,3
1,0,13,1,275,570,1028,0,0,919,0
0,1,34,2,1136,1813,714,0,1,1963,1
1,0,31,8,1145,1356,2641,0,0,1977,3
0,0,51,5,477,1553,1229,0,0,1881,1
0,0,19,4,954,1985,2622,0,1,683,2
1,0,6,2,741,1471,929,1,1,772,0
0,1,53,3,547,705,1211,0,1,536,0
0,0,53,6,1194,1208,1653,0,0,1694,2
1,1,33,2,146,906,511,1,0,1633,0
0,0,52,4,471,663,3034,0,0,1371,2
0,1,54,7,169,1916,1414,0,1,551,0
0,1,28,1,1895,1976,2438,1,1,1221,3
0,0,63,8,1537,1761,3744,0,1,1000,3
1,1,64,4,236,1520,1377,1,1,1986,1
1,1,23,4,821,915,3520,0,0,1119,3
1,0,59,4,466,1768,3796,1,1,1699,3
0,1,61,3,393,1096,1699,1,1,1099,1
0,0,58,3,400,631,336,1,1,1576,0
0,0,55,5,774,843,1095,1,0,950,0
1,0,49,3,284,519,325,0,1,1081,0
0,1,53,4,465,1152,1223,0,0,606,0
1,0,37,2,705,1810,1649,1,0,502,1
0,1,4,2,38,1682,1898,1,0,957,1
1,1,38,5,51,739,2609,0,0,1658,2
1,0,18,1,850,1005,2265,1,1,1681,2
1,0,43,6,349,676,2775,1,1,1983,2
0,1,12,7,387,1595,1445,1,1,1753,1
0,0,41,4,706,1623,2614,0,0,1632,2
0,0,57,7,951,1178,356,0,0,1949,0
0,0,13,3,179,772,523,1,1,1696,0
1,0,57,7,426,1964,3745,1,0,688,3
0,1,60,2,653,1413,1229,1,1,1104,0
0,0,28,3,1578,1963,1402,1,0,1122,1
1,1,46,5,280,1795,2085,0,0,504,1
0,1,14,7,251,1801,587,1,1,1154,0
0,1,63,7,1463,1992,2457,0,1,1727,3
1,1,52,3,1432,1649,2030,0,0,1674,2
1,1,18,2,477,571,816,0,0,1948,0
1,0,39,7,1122,1746,1667,0,0,1218,1
0,0,63,7,145,1903,2958,1,0,531,2
0,0,5,5,416,1055,3705,0,0,1057,3
0,0,30,8,847,893,2800,1,1,576,2
0,0,7,7,868,877,3773,1,1,1960,3
1,1,22,1,594,1088,2050,1,0,673,1
1,1,21,1,518,830,1754,0,1,718,1
0,1,35,3,663,1805,1904,1,1,864,1
1,0,37,5,371,541,2705,1,0,547,1
0,1,3,8,1749,1781,3537,0,1,623,3
1,0,27,5,586,722,1370,0,1,1793,1
1,0,19,2,409,646,1222,0,0,1720,1
1,0,64,4,35,1309,3102,0,0,812,2
0,1,33,6,1008,1758,2268,1,0,980,2
0,1,18,8,442,1079,2648,1,1,643,1
1,1,16,8,983,1087,2173,1,0,1925,2
0,0,32,4,875,982,3162,0,0,1408,3
1,0,28,1,952,1191,1368,0,1,1522,1
0,1,51,1,244,1361,2746,0,1,587,2
1,0,18,6,65,1055,619,1,1,1959,0
1,0,17,6,1749,1767,724,0,1,1872,1
0,0,42,3,716,1626,912,1,0,1043,0
0,0,23,6,433,1661,2784,1,1,1809,3
0,1,23,6,134,521,793,1,0,1703,0
0,0,45,1,179,1247,560,1,0,1095,0
0,0,27,4,804,1564,312,0,1,1414,0
0,0,41,7,787,1515,545,1,1,1659,0
1,0,60,7,704,822,1591,0,1,1540,1
0,1,31,7,991,1638,2746,1,0,1342,3
0,0,8,3,379,932,893,1,0,1189,0
0,1,62,6,489,710,2514,1,1,518,1
1,1,10,1,1518,1883,1032,1,1,1449,1
1,1,39,5,855,1401,819,1,1,516,0
1,0,59,3,1261,1383,3672,0,1,1569,3
1,0,24,6,115,1791,3833,1,0,1312,3
1,0,23,8,1203,1432,1482,1,0,1893,2
0,0,14,5,545,1300,2043,0,0,1076,1
0,0,40,6,818,1090,1229,1,0,530,0
1,0,33,4,42,1262,1816,0,1,1044,1
0,0,37,7,1103,1637,2166,0,0,1330,2
1,0,14,5,168,1068,2469,1,1,1836,2
0,1,55,5,719,755,2575,1,1,1741,2
0,1,30,1,163,874,1375,0,0,1869,1
0,0,55,3,1162,1531,1732,0,1,1331,1
1,1,4,3,626,1348,673,0,0,1655,0
0,1,18,2,329,656,2301,0,0,605,1
0,0,30,5,330,1434,2676,0,0,1245,2
0,1,58,2,956,1292,1781,0,0,1709,2
0,1,58,4,1140,1983,2248,0,0,846,2
1,0,62,4,217,1623,921,0,0,1403,0
0,0,2,3,271,869,391,1,1,688,0
1,1,10,7,444,1555,1719,1,1,775,1
0,1,35,5,1003,1827,3262,0,0,1154,3
1,1,35,2,227,772,1947,1,1,1375,1
0,0,61,7,253,1764,2693,1,1,1827,3
0,1,60,4,88,1046,441,1,0,1697,0
0,0,14,5,334,594,1886,1,1,741,0
1,1,32,1,1281,1896,1267,1,0,1672,1
0,0,57,3,168,1320,687,1,1,514,0
1,0,12,1,898,1687,2890,0,0,1375,3
1,1,55,1,46,1069,1737,0,1,989,1
1,0,47,2,118,1170,887,0,0,1510,0
0,0,18,7,1187,1595,398,1,1,1266,0
1,0,46,7,1191,1347,2389,0,1,1396,2
0,0,45,1,526,1324,3431,1,1,808,3
0,0,43,2,346,966,3601,0,0,1542,3
1,0,35,8,89,1538,2459,1,0,745,1
1,1,59,6,137,846,3230,1,0,1735,3
1,0,57,2,1226,1389,3646,1,1,586,3
1,0,36,8,473,574,2200,1,0,1341,1
1,0,64,2,368,607,3862,0,0,781,3
1,0,22,6,239,1636,3077,0,0,501,2
1,1,44,2,622,709,621,1,1,1224,0
1,1,58,8,654,882,2372,1,0,1970,2
1,1,63,2,853,1781,2574,1,0,618,2
0,1,46,4,686,1305,2857,1,1,1537,3
0,0,16,8,992,1433,3143,1,0,1018,3
1,1,35,5,115,1352,3197,0,1,1545,3
0,1,41,8,275,1966,2727,0,0,1871,3
1,0,12,1,461,1178,1519,0,1,1729,1
1,1,9,3,1428,1500,2438,0,0,680,2
0,0,54,3,614,1212,2674,0,1,1106,2
1,1,50,5,193,989,2107,0,0,635,1
0,0,16,1,1105,1602,2262,1,0,618,2
1,0,5,8,398,1263,815,1,1,1671,0
1,1,52,7,480,728,2829,1,1,1562,2
1,0,31,1,775,1607,3022,0,1,1975,3
0,1,62,8,1482,1490,2573,0,1,831,2
1,0,10,4,154,550,2678,0,1,1524,2
1,1,55,5,454,1762,1282,1,1,1528,1
1,0,9,8,737,1455,568,0,0,1447,0
0,0,14,1,419,556,2074,1,0,1344,1
1,0,8,2,853,1737,2227,0,1,564,1
1,0,60,2,1211,1229,1080,0,1,921,0
0,0,10,6,314,1606,2867,1,0,1413,2
0,0,55,6,172,1239,1075,1,0,831,0
1,0,43,5,527,734,3063,1,0,802,2
0,0,24,4,874,1264,2479,1,0,1923,2
0,0,56,3,674,864,2394,1,0,1193,2
1,1,31,3,657,1014,2814,0,0,904,2
0,1,51,7,475,500,2094,0,0,1285,1
1,1,2,4,1209,1411,2315,1,0,1635,2
1,1,14,4,15,525,2519,0,1,1923,2
1,1,12,6,293,1967,735,0,1,1851,0
0,1,32,7,813,1377,1891,0,1,727,1
1,1,44,6,173,1843,1386,1,1,1396,1
1,1,46,1,457,652,3260,0,0,877,2
0,1,35,3,533,797,2022,0,1,696,1
1,0,2,8,912,1043,1716,0,0,1009,1
1,1,38,5,798,1418,3317,1,1,1526,3
1,0,20,7,412,565,1454,1,0,987,0
1,1,49,4,130,887,2290,1,0,1414,1
0,0,61,5,201,656,3940,1,1,1732,3
0,0,50,8,299,874,461,0,1,1587,0
0,1,21,7,1277,1352,2219,0,1,1097,2
1,0,40,3,626,1195,470,0,0,504,0
0,1,28,8,378,751,2495,1,1,1159,2
0,0,29,7,333,639,2944,1,1,1910,2
1,0,59,3,805,1804,2361,0,1,865,2
0,0,16,8,1901,1920,1783,0,1,1930,2
1,1,40,3,1573,1581,2832,1,1,860,2
0,1,42,6,360,912,931,1,0,1268,0
1,1,27,4,20,745,1344,0,0,999,0
0,1,9,2,98,511,3916,0,1,622,2
0,0,44,7,703,1011,1882,0,0,1250,1
0,1,51,5,273,1278,2865,1,1,763,2
0,0,15,8,919,1344,757,1,1,1100,0
1,0,51,6,982,1291,3469,0,1,815,3
1,1,57,3,879,896,2399,1,1,618,1
1,1,18,2,1287,1892,3300,0,0,553,3
1,0,3,2,1109,1247,2719,1,1,673,2
1,0,47,7,211,684,3012,0,0,563,2
1,1,14,4,1058,1109,2836,0,0,1590,3
1,1,11,2,532,1247,2385,0,0,1031,2
1,0,30,3,290,773,594,1,1,909,0
0,1,7,4,890,1019,2968,1,0,1880,3
1,1,24,6,327,645,3762,0,0,1479,3
1,0,2,1,1260,1788,892,1,0,1271,1
0,1,13,8,570,1422,467,1,1,709,0
0,1,62,1,621,1558,345,0,0,1744,0
0,1,40,7,328,1858,3033,1,1,1314,3
0,1,9,6,1307,1767,2110,0,1,1136,2
0,0,56,8,497,618,3105,1,1,1039,2
0,0,62,6,219,1037,874,1,0,1300,0
1,1,39,7,1163,1554,3681,1,1,732,3
1,1,52,2,24,759,3865,0,1,511,2
1,0,11,3,468,571,737,1,0,1092,0
1,1,10,7,1272,1469,3153,1,0,921,3
0,1,37,1,503,551,2800,0,1,1030,2
1,0,27,1,1495,1579,315,1,0,1130,0
1,0,60,8,1333,1838,1412,1,1,1299,1
1,1,2,7,267,1841,2286,0,0,1009,2
1,0,34,2,149,876,2392,0,1,1735,2
1,0,49,2,1070,1079,1857,1,1,1129,1
0,0,26,7,206,620,1419,1,1,708,0
0,1,58,2,158,747,3305,0,0,894,2
0,0,32,6,48,1012,959,1,0,530,0
1,0,35,3,249,522,2635,0,1,1481,2
1,1,45,5,935,1499,1754,0,1,1068,1
0,1,57,3,140,768,2563,0,0,1487,2
1,1,41,4,184,740,1936,1,1,1524,1
1,1,22,8,238,807,1869,1,1,1093,1
1,0,50,5,800,1089,3637,0,1,1816,3
0,0,20,3,211,507,896,0,0,627,0
0,1,51,3,670,804,2349,0,1,989,1
0,1,5,1,725,1335,774,1,0,1895,1
1,1,58,3,81,1544,3397,0,0,805,2
0,1,2,8,1211,1378,485,1,1,713,0
0,1,24,4,1362,1378,3964,1,0,864,3
0,0,11,4,945,1923,1887,1,1,1177,1
0,0,32,3,1043,1702,2977,1,1,582,2
1,1,56,7,444,739,2114,1,1,1898,2
1,1,29,2,311,1796,1542,0,1,1158,1
0,1,57,8,812,1456,3038,0,1,1451,3
0,0,51,7,202,1884,2481,0,0,1820,2
1,1,9,3,531,707,841,0,0,984,0
1,0,24,4,404,898,3565,0,1,580,2
0,0,5,6,954,1609,1958,1,1,1263,2
0,0,27,8,274,603,2454,1,1,1237,2
0,1,37,1,956,1723,3392,1,1,514,3
0,1,56,3,1438,1593,262,1,0,1515,0
1,1,6,4,1446,1988,530,0,1,721,0
1,0,35,3,692,1057,3703,0,1,603,3
0,1,55,1,777,1032,2562,0,0,1426,2
1,1,64,1,1157,1951,574,1,0,1820,1
0,0,16,4,454,1473,2632,0,1,1215,2
1,1,20,2,478,1477,259,1,1,697,0
1,0,10,1,217,1106,688,1,0,717,0
1,0,36,6,468,741,2554,1,0,1348,2
1,0,61,1,1107,1656,3859,1,0,1164,3
0,1,62,5,626,1134,2977,1,1,578,2
1,0,40,7,485,922,571,1,0,1971,0
1,1,55,7,43,627,402,0,1,1794,0
0,1,32,5,322,1385,878,1,1,1558,0
0,1,4,1,880,1145,2130,1,0,1597,2
0,0,39,2,1511,1756,3260,0,1,1240,3
1,1,7,8,667,711,454,1,0,1994,0
0,1,35,7,765,1899,2638,1,1,1221,2
1,1,24,8,614,679,2819,0,1,989,2
0,1,50,4,925,1252,1464,1,1,1180,1
0,0,59,6,1185,1387,1824,1,0,718,1
1,0,47,8,1706,1886,876,1,0,1670,1
0,1,21,7,347,1477,2706,1,0,534,2
1,0,20,2,1603,1930,659,1,1,1566,1
0,1,29,5,806,860,455,0,1,1935,0
1,0,54,2,1207,1539,2378,0,0,504,2
1,1,41,1,431,1144,2278,1,0,913,1
1,0,43,5,179,613,3436,1,1,1317,3
0,1,31,6,423,909,3424,1,0,917,3
1,0,49,6,1131,1743,401,0,1,712,0
0,0,52,2,925,1469,681,1,1,1083,0
0,1,6,6,62,544,3212,0,1,1039,2
0,0,13,6,800,873,3105,0,0,1747,3
1,0,52,6,211,947,2036,1,0,1449,1
1,0,49,7,81,1389,3153,1,0,1872,3
1,0,7,4,667,798,1642,1,1,1796,1
0,0,60,1,405,519,509,0,0,1097,0
1,1,20,8,678,1676,3465,1,0,1562,3
0,1,27,7,1619,1651,3900,0,1,1433,3
0,0,12,1,935,1147,1105,1,1,740,0
0,1,39,1,864,1011,2064,0,0,676,1
1,1,13,1,1495,1688,3117,0,1,503,3
0,1,7,3,870,1613,1142,0,1,1020,1
1,1,4,1,1379,1469,1060,1,1,896,1
0,1,19,2,1055,1738,2381,0,0,1824,2
1,1,54,3,220,1838,3366,0,1,1512,3
0,0,42,6,419,1261,1339,0,1,1053,0
1,1,31,4,1111,1362,2560,0,0,1944,3
1,1,25,2,1097,1461,285,0,1,1174,0
1,1,12,7,447,819,2476,0,0,627,1
0,1,46,1,273,1062,1862,0,1,1602,1
1,1,6,1,590,997,3488,1,1,1733,3
1,1,8,8,116,598,3178,0,1,586,2
0,0,37,8,306,564,733,1,0,1528,0
0,0,23,7,300,1316,756,0,0,875,0
0,0,58,1,1259,1746,3622,1,1,1602,3
0,1,12,5,1573,1694,1277,0,0,1426,1
0,1,6,6,1392,1783,3703,1,0,1370,3
0,1,10,6,113,1524,1905,1,1,609,1
1,1,15,6,526,1728,2636,1,0,840,2
0,1,12,5,1209,1678,2014,0,0,991,2
0,1,9,2,655,828,3056,0,0,1724,3
0,1,19,3,1123,1622,465,1,0,584,0
1,1,49,6,692,979,3869,1,1,860,3
1,1,28,5,796,1052,1108,0,1,1541,1
1,0,58,5,1021,1958,1906,0,0,615,1
1,1,46,4,995,1310,851,1,1,912,0
0,1,60,7,1244,1504,3142,0,1,1278,3
0,1,31,4,293,970,1300,0,1,1365,0
0,0,36,5,1240,1931,1430,0,0,1702,2
0,1,59,8,759,1858,362,1,1,589,0
1,0,56,1,398,1528,2456,1,1,1347,2
0,1,44,8,358,791,2360,0,0,1644,2
1,0,42,7,403,1614,3700,1,0,956,3
1,0,2,7,211,1409,2620,0,0,1089,2
0,0,52,3,194,1437,437,0,0,871,0
0,1,6,2,1076,1472,3774,0,0,664,3
0,0,19,2,1238,1418,1218,1,0,1874,1
0,0,5,5,229,1004,696,1,1,1928,0
1,1,33,2,327,1683,3407,0,0,888,3
1,0,58,7,135,1892,3902,0,0,1077,3
1,1,30,8,5,1744,2086,1,1,1023,1
0,1,42,3,715,1163,1356,0,1,1426,1
1,1,26,5,511,621,1704,1,1,831,0
1,1,6,3,549,1383,3571,1,1,1496,3
0,1,5,5,420,784,2132,0,1,1433,1
1,1,44,4,838,1066,3209,1,1,1095,3
1,1,23,1,314,1400,2096,0,0,643,1
0,1,6,4,739,1766,1273,0,0,1142,1
1,1,27,5,62,846,3623,1,0,730,2
0,1,41,2,3,1662,368,0,0,1901,0
1,0,32,3,963,1520,854,0,1,1510,1
0,1,59,6,1438,1923,3646,0,1,1924,3
1,1,17,4,1621,1773,3130,0,1,1825,3
1,1,5,1,19,501,3784,1,0,1275,3
0,0,17,7,887,1274,3885,1,0,987,3
0,1,13,7,567,986,1494,1,1,1538,1
0,1,29,5,584,676,2973,1,1,1965,3
0,0,20,6,496,974,1471,1,0,808,0
0,0,27,2,1245,1309,2001,1,1,712,1
1,1,42,5,682,888,1486,0,0,1507,1
0,0,47,3,724,794,1321,1,1,912,0
0,0,17,8,1384,1454,1877,0,1,769,1
0,0,22,5,257,1654,3499,1,1,948,3
1,1,39,1,17,1084,2124,1,0,507,1
1,0,60,3,983,1210,1221,0,1,1384,1
0,0,29,8,439,1306,2316,0,1,1766,2
1,1,16,4,925,1206,1068,1,0,1407,1
1,1,24,4,409,603,1930,0,1,614,1
0,0,14,7,293,952,1316,1,0,1972,1
1,0,47,8,384,1878,1742,0,0,1039,1
1,1,34,8,149,1285,3265,0,0,511,2
0,1,5,4,447,568,2700,1,1,1811,2
0,0,36,4,717,1206,2115,0,0,1159,2
1,0,12,2,195,533,3915,0,1,1848,3
0,1,16,8,153,696,3144,0,0,1988,3
0,1,58,7,1699,1850,1571,0,0,1469,2
0,0,44,5,501,640,2253,0,0,1423,1
1,0,10,6,530,1496,1433,0,0,1974,1
1,1,42,5,396,1378,2583,1,1,835,2
0,0,42,5,670,1552,1817,0,0,1429,1
0,1,51,2,193,887,2915,1,1,947,2
1,1,18,8,351,1769,3340,1,1,1446,3
1,1,7,7,846,855,2790,1,0,1332,2
1,1,14,4,111,1167,577,1,0,1498,0
1,1,14,2,1213,1386,3220,1,0,1576,3
1,1,26,1,755,1284,3488,1,0,1398,3
1,1,14,4,1406,1517,1277,0,1,1885,1
1,0,2,2,497,627,3593,1,0,798,2
1,1,42,8,1826,1836,2736,1,0,1436,3
0,0,31,8,50,1356,2311,1,0,1998,2
0,1,63,8,817,941,1464,1,1,1321,1
0,0,9,2,901,1793,1355,1,0,1021,1
1,0,40,2,212,1269,2382,0,1,1339,2
1,0,57,4,329,1039,1886,0,1,1210,1
1,1,31,5,837,1182,832,0,0,1949,1
1,1,28,6,248,884,751,0,1,882,0
1,1,27,5,632,1162,436,0,0,1549,0
1,1,42,1,366,613,722,1,0,1991,0
0,0,12,1,174,518,1075,1,0,796,0
1,0,39,4,882,1195,2802,1,0,1012,2
1,1,11,2,688,1591,1780,0,0,1318,1
0,1,14,4,263,1345,1247,0,0,1708,1
1,1,62,8,118,764,3066,1,0,598,2
0,0,51,8,1012,1226,403,0,0,541,0
1,1,23,5,586,1552,2518,1,0,818,2
0,1,15,2,294,1233,1069,0,0,1414,0
1,1,6,4,818,1827,2651,0,1,601,2
1,1,40,7,426,865,2974,0,1,561,2
1,0,52,5,151,1133,657,1,0,1616,0
1,1,32,2,409,644,3372,1,0,1263,3
1,1,63,5,641,1156,1464,1,0,1604,1
1,0,24,4,958,967,1326,1,0,539,0
0,0,49,4,1328,1970,3393,0,0,1071,3
1,1,57,2,354,530,323,0,1,826,0
0,0,62,1,1709,1781,1628,1,0,771,1
0,0,33,8,1099,1553,2610,1,0,1811,3
1,0,56,4,783,1227,3721,1,1,1842,3
1,0,50,8,194,1393,763,1,1,1420,0
1,0,10,3,238,1893,792,0,1,1763,0
0,0,2,5,919,1076,1568,0,0,1163,1
0,0,29,4,758,891,1276,1,0,1805,1
1,0,52,4,1039,1273,3472,1,1,610,3
1,1,17,4,1054,1393,2520,0,1,1533,2
0,1,63,2,122,686,3423,0,0,1924,3
1,0,52,6,100,1708,258,0,0,1801,0
0,1,42,5,1221,1804,1868,0,0,1726,2
1,0,14,3,312,1376,2171,0,1,794,1
1,0,28,5,599,1073,780,0,0,1686,0
1,0,6,1,1274,1340,712,0,0,1444,0
1,1,30,8,62,581,1012,1,1,1004,0
0,0,28,4,315,1796,318,0,0,1242,0
0,1,26,6,1123,1709,3948,1,1,539,3
1,1,14,8,1878,1981,629,0,0,717,0
1,1,29,7,318,831,1161,0,0,1540,0
0,1,35,8,574,1267,1403,0,0,672,0
0,1,13,4,1353,1915,3707,1,0,1325,3
0,1,55,8,86,1681,1305,0,1,950,0
1,0,18,4,340,1728,2926,1,1,948,2
0,1,27,3,602,1156,2674,0,1,1328,2
0,0,40,2,963,1062,471,0,1,1447,0
1,0,21,8,127,507,1724,0,1,1973,1
1,0,60,4,142,1039,1220,1,0,1731,1
0,1,63,2,274,1079,2754,1,1,1617,2
1,1,33,5,371,682,594,0,1,1791,0
1,1,54,2,788,1007,1005,0,1,851,0
1,1,14,1,395,1027,2439,1,1,856,1
0,0,30,4,643,1527,2302,1,1,714,1
0,1,15,2,854,935,1083,1,0,951,0
0,1,10,8,1335,1873,2219,1,1,1303,2
0,0,32,7,1541,1619,1571,0,0,1550,2
0,1,15,4,382,1163,2107,1,0,1759,2
1,0,2,5,846,1144,593,1,1,1448,0
0,0,50,8,960,1925,857,1,0,1987,1
0,0,44,5,154,941,3518,1,1,908,3
1,0,58,4,468,694,1284,0,1,820,0
1,0,19,6,1094,1496,545,0,0,904,0
1,1,6,6,272,870,3566,0,1,667,2
0,0,34,1,165,1103,2821,0,1,1109,2
0,1,59,7,394,1301,3442,1,0,1333,3
0,1,6,6,629,1299,1309,0,0,1352,1
1,0,19,6,831,1713,1179,0,1,1600,1
1,0,37,8,903,910,1713,0,0,1454,1
1,0,9,3,923,1759,1663,0,1,1489,1
1,0,10,8,362,1250,1812,1,1,1823,2
0,0,41,4,693,850,1384,1,1,1581,1
1,1,44,8,1250,1435,1348,1,1,1672,1
1,1,27,4,1135,1923,3957,0,0,1283,3
0,1,14,8,66,1448,1212,0,0,630,0
0,1,24,8,924,1877,3925,1,1,659,3
1,0,32,6,204,1132,348,0,1,1811,0
0,0,40,5,376,1957,1382,1,0,688,1
1,0,18,2,1083,1492,980,0,1,514,0
1,0,16,3,229,1473,838,1,0,1933,0
0,1,31,3,875,1316,378,1,0,915,0
1,1,22,4,35,991,909,0,1,1006,0
0,1,13,4,18,903,3632,1,0,1134,3
0,1,64,8,103,646,3396,0,0,599,2
1,0,53,5,105,588,1861,1,0,973,1
0,1,27,6,168,540,348,1,1,1180,0
0,0,13,4,18,1004,2528,0,0,1237,2
1,1,5,8,659,730,2190,1,0,659,1
1,0,6,8,534,855,663,1,1,1142,0
1,1,11,6,285,512,961,0,1,1002,0
0,1,44,4,482,1098,1280,0,1,1392,1
0,0,50,8,1571,1717,2189,1,0,602,2
0,1,55,3,605,1193,531,1,1,1249,0
1,1,12,4,158,1657,2331,0,1,531,1
0,0,31,5,1573,1639,794,1,1,1450,1
0,0,50,1,127,620,2644,1,1,1342,2
0,1,22,1,343,1431,1666,1,1,832,1
0,1,57,4,289,724,2157,0,0,867,1
0,0,44,1,1703,1880,1196,0,1,1404,1
1,0,33,6,1482,1591,2072,1,0,840,2
0,1,42,1,907,925,1590,0,0,1368,1
1,0,11,8,491,1506,2916,1,1,1927,3
1,0,31,2,287,627,3707,0,1,1714,3
0,1,10,6,1151,1723,726,1,0,1201,0
0,0,44,2,1024,1363,3577,1,0,1796,3
1,0,28,6,1085,1134,2627,0,1,1147,2
0,1,20,4,991,1803,685,1,1,776,0
0,0,33,6,1052,1897,1693,1,0,510,1
1,1,40,6,1078,1564,2137,0,1,1045,2
1,1,10,8,98,977,3696,0,1,1497,3
0,1,33,3,396,1648,3771,0,1,1425,3
0,1,40,4,323,978,1342,1,1,726,0
0,1,20,3,410,1551,1379,0,1,1576,1
1,1,11,3,1750,1857,1164,1,0,714,1
1,0,63,1,1475,1988,908,0,1,1595,1
0,1,10,4,1836,1873,1019,1,0,541,1
0,0,29,6,283,676,3685,0,0,1617,3
1,1,5,1,539,1240,1470,0,0,1154,1
0,0,2,1,440,563,2299,1,1,1638,2
0,0,39,8,397,800,999,1,0,1150,0
0,1,44,1,204,1021,3011,1,0,1254,2
1,1,54,1,347,727,3142,0,1,1806,3
0,0,12,6,1003,1284,1543,1,0,603,1
0,1,40,4,0,1987,3692,1,0,1834,3
0,1,31,6,264,519,2753,0,1,520,1
1,0,50,2,543,703,2156,1,1,565,1
0,0,9,5,467,675,2637,0,0,1689,2
0,0,21,8,875,925,331,0,0,742,0
1,1,22,3,1116,1724,1214,1,0,1143,1
0,0,3,7,1325,1945,2248,1,1,761,2
1,0,36,5,1313,1331,3073,1,1,959,3
1,1,8,7,552,1802,422,0,0,772,0
0,0,12,3,335,679,2293,1,0,1015,1
1,1,2,1,50,1105,3958,1,0,1824,3
1,1,29,1,593,1327,432,1,1,1130,0
1,1,48,8,268,1010,1152,0,0,1183,0
1,1,26,6,382,1364,1303,0,1,574,0
0,1,20,2,443,892,797,1,0,1472,0
0,1,40,8,576,884,298,1,0,1868,0
0,0,20,6,596,679,3847,0,1,1375,3
0,0,64,3,115,636,2110,1,1,881,1
1,1,43,3,356,1407,1921,1,0,1742,2
1,0,60,2,10,1567,2423,0,0,1225,2
1,1,15,2,1399,1684,1658,1,1,1970,2
1,0,21,8,68,584,2361,0,0,1186,1
0,0,60,4,643,790,1380,0,0,1762,1
1,1,4,6,809,1988,3892,1,1,1731,3
1,1,8,5,683,1349,315,0,0,852,0
1,1,36,4,56,527,2289,1,1,848,1
1,1,11,7,492,818,2182,1,0,1575,2
1,0,23,6,699,1492,2184,0,1,1554,2
0,0,48,8,290,804,2872,0,1,1972,3
1,1,35,6,23,826,2367,0,1,827,1
0,0,3,4,394,849,1919,1,0,1063,1
1,0,34,5,713,1742,3296,0,0,1695,3
1,1,14,8,1063,1205,462,1,1,1343,0
0,1,27,1,1421,1463,1591,1,0,834,1
0,1,20,2,623,816,1593,0,1,595,0
1,1,42,7,83,816,2456,0,0,1081,1
1,0,14,4,1563,1692,2933,1,0,911,3
1,1,22,7,777,1995,3154,0,0,844,3
0,0,60,2,83,559,3615,0,0,1335,3
0,0,24,1,203,915,3563,0,0,1883,3
1,0,33,8,938,1226,1440,0,0,1128,1
1,1,57,2,1077,1183,1907,0,0,826,1
0,1,38,1,773,881,324,1,1,1650,0
0,0,50,4,332,866,1404,1,1,1162,1
0,1,8,4,570,1645,2738,0,0,1517,2
0,1,60,3,742,821,2722,0,0,963,2
1,1,12,8,1420,1539,2294,0,1,1837,3
0,1,30,1,1801,1923,1424,0,1,1028,1
1,0,55,8,1693,1790,1133,1,0,1831,1
1,1,58,6,31,1536,555,0,1,571,0
0,0,9,6,1098,1373,3785,0,1,1770,3
1,0,59,7,1765,1786,3675,0,0,970,3
0,1,38,5,887,1775,435,1,0,642,0
1,0,11,8,760,1964,3183,1,1,622,2
0,1,6,2,486,1032,3495,1,0,600,2
0,0,57,3,2,660,1853,0,1,1412,1
0,0,16,4,202,1787,2648,1,0,733,2
0,0,19,7,90,1614,2647,1,0,1070,2
1,0,30,8,469,853,702,1,1,875,0
0,0,5,2,86,1546,1836,0,0,1994,2
1,1,18,5,1180,1350,3894,1,0,823,3
0,1,30,2,140,1046,2944,0,1,1908,3
1,1,44,8,1100,1437,3424,1,0,790,3
1,0,40,1,194,892,2678,1,1,1330,2
0,1,15,8,440,569,2424,1,0,1660,2
0,0,20,6,1563,1803,2671,1,1,1776,3
1,1,27,1,163,1011,3078,0,1,1611,2
1,1,15,3,192,1311,2304,1,0,1410,2
0,1,45,2,837,1405,1146,1,0,1772,1
0,1,39,7,356,588,2335,0,1,1280,1
1,0,23,7,155,663,1422,1,0,1712,1
0,0,55,8,1032,1776,2096,0,0,1562,2
1,1,18,6,40,1435,1303,1,1,891,0
1,1,36,2,1194,1727,1115,0,1,1957,1
0,0,42,5,1179,1262,456,1,0,1110,0
1,1,43,8,902,969,3396,0,0,875,3
0,0,28,2,58,963,2750,1,0,1211,2
1,1,54,4,1385,1780,941,0,1,769,0
0,1,2,6,614,1617,2278,0,0,671,2
0,1,26,4,672,1088,2273,0,1,1872,2
1,1,14,5,1088,1718,2355,1,1,1076,2
0,0,50,1,499,695,2328,0,0,1325,2
1,1,28,2,157,763,2638,1,1,911,1
0,0,23,6,485,1399,558,0,0,1273,0
0,1,39,4,571,817,1345,0,1,1062,0
0,0,12,2,431,542,425,1,1,1317,0
0,0,16,4,499,1090,2192,1,1,940,1
0,0,14,6,563,1055,3397,0,1,729,2
0,1,3,7,944,1003,1208,1,0,1494,1
1,1,27,2,1138,1491,267,1,0,1546,0
0,1,34,4,161,647,3518,1,1,1253,3
1,0,16,8,126,1575,3122,0,1,895,2
1,1,43,8,15,1196,1050,1,1,793,0
1,0,56,2,500,1713,3358,1,1,1628,3
1,0,42,8,203,1771,2929,0,0,625,2
0,1,12,8,961,1950,624,0,0,1110,0
0,0,49,1,608,1970,1598,1,0,999,1
1,1,24,5,277,1155,2052,1,0,1856,2
1,1,15,6,114,1849,1249,1,0,1715,1
0,1,54,2,630,738,412,0,0,1897,0
1,0,19,2,404,1742,595,0,0,1202,0
1,0,19,7,248,755,263,0,0,1171,0
0,1,22,8,225,1234,2577,1,0,964,2
1,0,46,4,699,851,639,0,1,1973,0
1,0,2,1,649,895,3206,1,0,1992,3
1,0,26,5,416,1658,1550,1,0,546,1
0,1,31,2,1310,1420,1646,1,0,1093,1
0,0,35,4,930,1983,1930,1,0,1880,2
0,0,11,2,835,1175,3695,0,0,1765,3
1,1,36,8,664,1806,3235,0,1,1640,3
0,0,7,6,460,1583,2334,1,0,1830,2
0,0,62,4,778,1615,1998,0,0,826,1
0,1,7,1,225,1545,2258,0,0,1864,2
0,1,42,7,785,1118,1869,1,1,586,1
1,1,30,3,1581,1713,1825,0,1,1206,2
1,1,5,5,9,1944,3946,1,1,832,3
0,0,8,7,7,1294,436,1,1,848,0
0,0,53,6,174,1175,2678,0,0,1851,2
0,0,59,1,437,638,3887,0,1,1166,3
1,0,35,4,278,623,1813,1,1,1776,1
0,1,27,2,1288,1372,817,1,1,1254,0
1,1,24,1,979,1190,3614,0,0,1494,3
1,1,39,8,56,1931,2013,1,0,984,1
0,0,5,5,913,1429,543,0,1,1179,0
0,0,27,8,282,710,3400,1,1,513,2
1,0,17,6,322,710,2623,0,0,557,1
1,1,33,4,1252,1963,2700,0,0,744,2
1,1,21,2,1128,1702,1400,1,0,1129,1
1,1,58,5,606,688,3127,0,0,1148,2
0,1,44,5,655,1459,2803,1,1,1793,3
1,0,15,5,954,970,2518,1,1,1310,2
0,0,6,6,68,1042,3564,1,0,1604,3
0,0,37,1,134,1197,2515,0,1,1676,2
1,0,40,3,922,1836,3654,1,1,1001,3
0,1,24,8,1874,1976,3930,1,1,1086,3
1,1,39,7,251,599,3476,1,0,1986,3
0,0,41,1,1362,1853,3242,0,1,634,3
0,0,52,6,281,1159,2666,1,0,502,2
0,0,48,8,224,1994,1695,0,1,1641,2
1,1,15,3,778,844,3510,0,1,623,2
1,0,17,8,546,1424,3438,0,0,962,3
0,1,41,4,397,891,2033,1,0,1057,1
0,0,62,1,386,1046,1017,0,0,1862,1
1,1,38,2,214,1970,1686,0,1,555,1
0,1,58,5,461,833,862,0,0,1000,0
0,1,11,5,125,675,957,1,0,841,0
0,0,16,4,335,1009,3494,0,1,865,3
1,1,56,4,342,1641,3083,1,1,999,2
0,0,30,6,625,761,1656,1,1,1232,1
0,1,34,2,494,509,313,1,0,1194,0
1,1,20,8,1145,1487,3282,1,1,612,3
0,0,47,6,600,1042,3629,1,1,1362,3
1,1,44,2,484,711,1687,1,1,1469,1
0,1,28,4,199,679,1149,1,0,986,0
0,1,62,3,21,832,3899,0,1,1843,3
1,1,4,2,885,1811,1783,1,0,1561,2
1,1,47,5,308,1208,1629,1,0,1695,1
1,0,8,1,1015,1947,2528,1,0,667,2
0,1,2,7,1303,1814,3256,1,0,1768,3
1,0,41,8,406,1036,2341,0,1,1269,2
1,0,57,1,124,833,2785,0,0,1109,2
1,1,14,3,150,1677,3761,0,0,936,3
0,1,5,6,108,1963,1513,0,1,1713,1
1,1,45,2,90,557,2240,1,0,1175,1
1,1,5,4,588,1809,820,1,1,1940,1
0,1,59,2,1028,1196,1875,1,1,855,1
1,1,33,3,776,1247,920,1,1,771,0
0,1,63,4,278,584,3615,0,1,645,2
0,0,7,7,897,1103,1412,0,1,1307,1
1,0,5,1,651,700,361,1,0,1948,0
1,0,50,4,1010,1684,1540,1,0,1509,1
1,1,11,2,737,1759,1077,0,1,626,0
1,0,40,5,1399,1646,3610,0,1,1190,3
1,0,57,6,376,1288,512,0,0,1727,0
0,0,62,8,1117,1330,3024,0,1,1670,3
1,1,27,1,234,1947,1610,0,0,1150,1
0,1,16,1,691,1028,2201,0,0,1208,1
1,1,42,7,380,1550,3338,1,1,1812,3
1,0,61,4,603,1483,3473,0,1,770,3
1,1,10,8,117,681,2203,1,1,1559,1
0,0,13,4,766,877,940,1,0,1902,1
0,0,4,8,1499,1952,1155,1,1,1751,1
1,0,20,4,1175,1578,3872,0,1,1416,3
1,1,61,6,988,1503,1882,0,1,1288,2
0,1,16,8,190,1905,1798,0,0,1003,1
1,1,18,6,674,1375,2598,0,0,1715,3
0,1,46,1,518,1374,1567,1,0,1967,1
1,0,2,1,1618,1916,1491,0,0,962,1
0,1,42,2,857,989,2003,0,0,1487,2
1,1,54,4,371,665,3905,0,0,1569,3
0,1,57,5,73,583,291,1,1,1146,0
0,1,9,8,98,755,1693,0,1,1379,1
1,1,25,4,395,1853,1788,0,1,1504,1
0,0,26,6,1064,1540,3322,0,1,1945,3
1,1,32,6,712,1726,1751,0,1,1630,2
0,0,23,1,774,939,1641,1,0,1125,1
0,1,51,7,1012,1040,2854,0,1,614,2
0,1,17,4,730,1148,3115,0,0,854,2
1,0,45,1,777,1090,3259,0,1,1470,3
1,1,49,8,973,1633,1612,1,0,1826,2
1,0,37,4,245,829,2319,0,0,807,1
1,1,7,5,937,1083,1258,0,0,1996,1
0,0,41,5,937,1164,1543,0,1,1083,1
1,1,49,2,574,1171,3991,0,0,1035,3
0,1,62,1,678,1630,3555,0,0,1521,3
1,1,5,4,82,512,3411,0,0,1314,3
0,0,24,8,398,1775,524,0,0,535,0
0,1,35,6,1096,1570,3541,0,1,673,3
1,0,4,6,1419,1698,1998,0,0,1219,2
1,1,33,5,157,770,3437,0,0,1606,3
1,1,17,2,430,1207,1637,0,1,1603,1
0,1,52,1,1524,1848,3064,0,0,1958,3
0,1,12,2,1649,1829,2855,1,1,695,2
1,1,53,1,254,954,1393,1,1,1441,1
1,1,33,7,1790,1988,1633,0,0,1470,2
0,1,48,4,1438,1832,2392,0,1,1890,3
1,1,26,2,1304,1673,3284,0,1,1152,3
0,0,20,6,813,1180,464,0,1,1619,0
0,0,45,7,948,1007,1234,1,0,1002,0
0,1,36,3,1161,1288,292,1,1,742,0
1,1,33,3,867,1258,2521,0,0,1306,2
1,0,20,5,181,1199,2658,0,0,1424,2
1,0,27,4,754,1532,587,1,1,942,0
0,1,2,4,242,1127,2190,0,1,1934,2
1,1,35,4,405,742,879,0,0,1290,0
1,0,54,1,1569,1763,1743,1,0,930,2
0,0,21,4,105,1099,1181,1,0,1699,1
0,0,29,7,978,1986,3330,0,1,1849,3
0,1,42,8,725,1882,3564,0,0,1922,3
1,1,56,4,657,1657,562,1,1,548,0
0,1,47,4,1147,1393,1659,1,0,916,1
0,0,14,8,910,1566,1816,0,1,1783,2
1,1,49,5,295,503,1338,1,1,1083,0
0,1,7,8,26,508,2992,1,0,1698,2
1,1,7,8,332,764,315,1,0,1969,0
0,0,2,7,519,533,3249,0,1,869,2
1,0,5,4,161,1029,3242,1,0,1337,2
1,0,28,4,1080,1289,2725,0,0,637,2
1,1,27,4,649,1290,586,0,1,833,0
0,1,9,3,71,1686,2454,1,0,1248,2
0,0,30,4,744,1244,804,1,1,1174,0
0,1,44,7,437,1113,2460,0,0,1831,2
1,0,27,1,115,1111,1295,0,1,1002,0
1,1,8,5,547,957,2625,1,0,1010,2
1,0,21,2,495,1035,1999,0,1,1117,1
1,0,15,2,1466,1717,2698,0,0,990,2
0,1,26,6,117,1115,3742,1,0,1564,3
1,1,21,5,760,1722,1193,0,1,1065,1
0,0,24,7,764,1873,3511,1,1,1982,3
1,1,20,2,776,1005,885,1,0,1607,0
1,1,5,5,53,1504,1044,0,0,1066,0
1,1,17,5,371,1702,2548,0,1,681,2
1,1,19,2,728,818,2940,0,1,1163,2
1,1,11,5,1791,1896,3966,1,1,1285,3
0,1,48,8,606,1316,3484,0,0,753,3
1,0,5,1,1225,1717,1246,1,0,1779,1
0,1,52,3,419,736,2757,1,0,987,2
1,1,24,3,367,1264,2378,0,0,511,1
0,1,12,6,1230,1263,1794,1,1,1044,1
0,0,32,8,267,1161,3933,0,1,1855,3
0,0,26,6,273,891,1637,0,1,946,0
1,0,21,8,705,1905,783,1,0,657,0
0,0,42,5,214,679,3094,0,0,1673,2
1,1,28,8,424,1032,1774,0,0,731,1
0,1,59,7,84,793,256,0,1,926,0
0,1,52,2,605,1429,1365,0,1,1261,1
0,1,45,3,1175,1586,2339,1,0,618,2
0,1,57,2,657,938,2049,1,0,936,1
1,1,28,5,371,1023,3241,1,0,1485,3
1,1,21,4,833,1441,867,1,0,1339,0
0,0,50,5,102,1195,2175,0,1,508,1
1,0,44,2,1299,1935,3497,1,0,1938,3
1,0,10,4,258,1889,609,0,1,995,0
1,1,43,6,56,1150,3285,1,0,1086,2
1,1,35,1,443,708,3684,0,0,1322,3
1,0,57,6,1279,1793,3586,0,1,1864,3
0,1,26,4,313,712,2322,0,1,1944,2
0,1,56,2,523,565,354,1,1,581,0
1,1,27,4,919,1482,3204,0,1,1020,3
0,0,44,3,570,1021,1400,0,1,1936,1
0,1,23,8,380,682,2308,1,0,1329,1
1,0,46,8,119,529,1082,0,1,808,0
1,0,40,2,296,839,3104,0,0,994,2
0,1,22,2,358,614,2847,0,1,1811,2
0,0,44,8,1364,1851,2256,1,1,765,2
1,0,16,7,424,1639,1113,0,1,993,0
0,0,32,6,961,1030,3210,1,1,1136,3
1,1,23,6,431,1727,3990,1,1,719,3
1,0,63,7,950,1739,984,0,1,733,0
1,0,8,8,647,1849,3117,0,0,1946,3
0,1,48,7,1960,1963,1622,1,1,1230,2
1,1,64,3,116,1432,2967,1,1,1577,3
0,1,12,3,306,538,1037,0,1,1514,0
0,0,7,8,808,1517,2908,0,1,579,2
0,1,30,2,94,1334,1167,0,0,574,0
1,0,19,8,380,877,2715,1,0,1072,2
1,0,16,7,593,732,1734,0,1,843,1
0,0,11,3,1684,1746,2259,1,1,1492,3
0,0,16,3,1221,1415,2921,1,0,1807,3
1,0,47,3,410,1643,1244,1,0,909,0
1,1,64,3,600,1211,3132,1,1,1876,3
1,1,23,5,189,1411,2488,0,0,1436,2
1,1,29,6,308,591,1052,0,0,1251,0
0,1,28,2,148,742,2927,0,0,636,2
1,1,26,4,297,918,2090,1,0,1354,1
1,1,34,4,1050,1726,2131,0,1,930,2
0,1,47,1,1191,1882,3362,0,0,1830,3
1,1,23,4,1399,1663,1053,1,1,1424,1
1,0,51,8,1658,1794,1799,1,0,583,1
1,1,54,5,1153,1817,3124,0,0,648,3
1,1,11,2,35,510,1672,1,0,1203,0
1,0,15,4,553,874,1552,1,0,1777,1
1,0,64,6,46,908,1938,0,1,1299,1
0,1,47,2,207,1177,3202,0,0,1494,3
1,0,53,1,67,1924,1302,0,0,527,0
1,1,64,4,818,1006,2296,1,0,793,1
1,0,8,7,1257,1411,575,0,1,873,0
0,0,12,6,138,1371,2359,0,0,722,1
0,1,20,5,11,1020,3314,1,1,1250,2
0,0,60,3,889,1635,440,0,0,1358,0
1,0,11,6,831,1709,2002,1,0,1035,1
1,1,16,6,713,1854,3167,1,0,1289,3
1,0,37,2,527,1393,3480,1,1,1445,3
1,1,47,2,1284,1643,595,0,1,1702,1
1,0,2,5,911,1220,2466,1,1,534,2
0,0,60,6,1047,1534,1337,1,0,628,1
1,0,53,1,123,1477,1462,0,1,713,0
0,0,58,8,406,681,503,1,0,1207,0
0,0,30,7,927,1135,2066,0,0,683,1
0,0,27,5,407,528,708,1,1,594,0
0,1,55,7,1041,1430,2029,1,1,537,1
0,0,38,5,781,1364,308,1,1,1565,0
0,0,6,4,1191,1839,552,0,1,1052,0
0,1,63,2,103,1760,2082,0,0,713,1
1,0,16,5,125,1227,3314,0,1,1766,3
1,1,19,4,919,1343,3996,1,1,584,3
1,1,5,4,536,1656,1795,1,1,1541,1
1,0,51,5,638,1831,594,0,1,837,0
1,1,58,5,639,1087,2473,0,1,935,2
0,1,31,5,496,1804,690,0,0,665,0
0,1,34,2,686,1418,3845,1,1,680,3
1,1,17,7,1064,1985,2004,1,1,877,1
1,0,53,5,240,1414,2083,1,1,1493,2
0,1,26,6,525,704,2661,1,0,1762,2
1,0,57,3,348,730,1903,1,0,842,1
0,0,56,1,1262,1520,2466,0,0,925,2
0,1,2,1,1899,1904,3779,1,1,1692,3
0,0,5,3,258,789,3904,1,1,1576,3
1,1,48,6,1188,1948,265,0,0,1065,0
0,1,60,1,730,751,1417,0,1,958,0
0,1,26,7,484,1238,1769,0,0,623,1
1,0,17,1,547,1852,2948,0,1,897,2
0,1,41,3,800,1455,2572,0,1,1110,2
0,1,21,7,347,513,3267,0,0,616,2
1,1,37,4,679,1231,1459,1,0,1680,1
0,1,12,8,1224,1676,1633,1,1,1715,2
1,1,45,4,948,1205,2052,0,1,983,1
1,1,14,4,366,1234,1086,1,0,720,0
0,1,24,2,223,1777,2402,1,1,1660,2
1,0,42,2,1619,1962,3376,1,0,1564,3
1,0,52,7,332,970,1507,0,1,592,0
1,1,44,3,167,909,641,0,1,969,0
1,0,35,1,782,951,3451,1,1,1356,3
0,0,14,7,881,1129,1607,1,1,504,0
1,1,6,1,91,1317,3521,0,0,1546,3
1,1,7,2,487,722,1241,0,0,689,0
0,0,16,7,120,1429,881,1,1,1685,0
0,1,62,7,1626,1913,2563,0,1,1792,3
0,0,61,3,74,865,3033,1,0,1786,3
1,1,59,7,634,1079,769,0,1,1944,0
0,1,49,4,334,1079,3454,0,1,1077,3
0,1,60,4,931,1811,819,0,0,648,0
1,0,2,6,921,1351,435,1,1,1702,0
0,0,30,7,805,956,586,1,1,1571,0
1,1,19,6,1057,1931,650,0,1,856,0
0,0,14,4,616,912,3038,0,0,1786,3
0,1,60,5,740,840,3736,0,0,914,3
0,0,9,1,542,678,2948,1,0,1615,2
0,1,19,7,344,1551,739,1,0,649,0
0,1,25,2,211,1608,686,1,0,1646,0
0,0,7,2,79,615,841,1,0,1189,0
0,0,29,8,887,893,1183,0,0,1043,0
1,1,19,3,670,1152,3943,1,0,1920,3
0,0,54,7,383,1249,1037,0,0,1220,0
1,1,53,4,718,1109,2633,0,0,1748,2
1,0,44,3,144,896,3911,0,0,907,3
0,0,20,7,1442,1904,1958,0,0,1193,2
1,1,22,8,291,1318,3297,0,0,1766,3
0,1,24,3,1352,1775,3141,1,1,1278,3
1,0,17,6,209,725,3351,0,1,1234,2
0,0,55,7,861,1888,2355,1,1,1961,3
0,1,3,3,426,1629,1308,1,0,1745,1
1,0,27,5,266,642,991,0,0,1442,0
1,1,39,8,523,542,3248,0,1,1083,2
0,0,5,4,40,1311,1519,0,1,868,0
1,1,53,6,262,1436,493,1,0,864,0
0,0,2,6,623,769,1747,1,0,1142,1
1,0,64,4,4,1351,2517,1,1,608,1
0,1,53,1,1001,1176,1389,1,1,983,1
0,1,2,5,334,896,2522,0,1,1720,2
1,0,27,5,453,963,1885,1,0,1802,2
1,1,16,7,952,1726,704,1,1,591,0
0,0,10,6,321,1870,953,1,1,1205,0
1,0,28,1,1451,1469,3206,0,0,1369,3
1,0,42,1,1048,1123,928,0,1,713,0
1,0,2,4,398,724,2177,1,0,1082,1
1,0,52,3,417,520,2610,1,1,1719,2
0,1,12,7,470,844,489,0,1,1544,0
0,1,8,8,1217,1670,3839,0,1,1090,3
0,1,15,1,298,1037,1861,1,1,1991,1
0,0,56,2,36,642,299,1,0,1367,0
0,1,32,2,85,1451,340,0,0,1179,0
1,1,15,5,655,1255,3606,1,1,721,3
1,0,62,4,167,990,799,0,1,1549,0
1,0,46,6,212,623,2367,0,1,1349,1
0,1,30,3,617,1386,445,1,0,1799,0
1,0,11,1,271,1769,3927,0,0,1075,3
1,1,63,5,159,1738,3756,1,1,684,3
0,0,36,4,786,872,770,0,1,1837,0
0,1,21,1,46,562,1641,0,0,1619,1
0,0,13,8,645,1275,2343,0,0,965,2
0,0,9,4,1371,1677,2787,0,1,730,2
0,0,47,5,881,1382,2495,0,1,1361,2
0,1,45,5,449,790,3208,0,0,1494,3
0,0,18,7,338,534,1234,0,1,1027,0
1,1,38,8,1332,1814,1069,0,0,1807,1
1,0,11,5,119,1531,3568,0,1,709,3
0,0,45,5,256,823,3585,0,0,689,3
0,0,2,4,428,1254,1974,1,0,955,1
0,0,35,3,1546,1879,2419,0,0,1872,3
1,0,13,2,1210,1989,340,0,1,1259,0
0,1,41,8,789,1211,2282,1,0,695,1
1,0,63,4,390,756,298,1,0,1969,0
0,1,39,2,110,1317,968,0,0,759,0
0,0,18,3,1330,1686,2391,1,1,936,2
0,1,62,2,674,1455,1534,0,0,1176,1
1,1,10,7,253,590,696,1,0,1802,0
1,1,23,7,317,1805,2782,0,0,772,2
0,1,45,2,183,661,755,0,1,1318,0
1,1,16,6,892,1603,3746,1,0,591,3
1,0,41,1,388,605,2651,0,0,569,1
1,1,45,8,52,539,1341,0,0,764,0
1,1,37,3,914,979,2651,1,1,1056,2
0,1,12,5,287,593,1824,1,1,1982,1
0,0,14,6,773,1353,1905,1,1,1830,2
0,1,40,7,675,1163,1456,1,0,1122,1
0,1,63,7,367,1985,3155,1,1,1023,3
1,1,33,3,510,980,773,1,0,1283,0
1,1,35,7,1325,1800,1829,0,0,1602,2
0,1,32,8,1661,1836,3883,0,1,732,3
1,1,33,1,665,718,1675,0,1,1854,1
1,1,30,3,662,997,1601,1,1,718,1
0,1,2,8,0,994,1958,1,0,897,1
0,0,8,4,284,1036,2376,1,0,1405,2
1,1,21,2,661,1951,1647,0,0,798,1
0,0,40,5,757,1912,3548,1,1,1035,3
0,0,37,4,560,1177,2694,0,1,1396,2
1,1,49,1,470,775,2195,0,1,1749,2
0,1,4,5,146,822,2506,0,0,1588,2
0,1,16,4,1315,1710,2073,1,0,1600,2
0,0,21,6,533,1696,3767,0,1,1522,3
0,1,7,6,560,1633,1150,0,0,1279,1
0,0,6,6,405,1141,841,0,0,719,0
1,1,7,5,227,610,1675,1,0,544,0
1,1,21,8,479,831,1301,1,0,1007,0
1,0,32,6,227,509,1817,1,0,590,0
0,1,6,6,149,1022,2321,1,0,1788,2
0,0,25,7,88,709,1974,1,1,748,1
1,0,64,7,114,819,3433,1,0,757,2
1,1,27,3,662,874,1205,1,0,1561,1
0,0,23,7,441,1721,872,1,1,1327,0
1,0,18,8,888,1466,2052,1,1,797,1
1,1,64,1,664,711,3654,1,0,727,3
1,0,36,4,64,745,1503,0,0,686,0
1,1,24,5,747,1247,3104,0,0,1515,3
1,0,17,5,956,1010,343,1,1,555,0
0,0,5,5,776,1397,3430,1,1,1589,3
1,0,45,4,652,1933,2470,0,0,1976,3
1,0,24,6,1168,1179,1396,1,1,1884,1
0,0,27,6,201,582,2668,0,0,1063,2
1,0,61,5,724,1127,1457,0,1,672,0
0,0,16,7,599,1299,2452,0,0,635,2
1,0,55,3,3,629,1871,0,1,1906,1
0,0,40,4,1652,1983,1112,1,1,1753,1
1,1,3,8,190,657,967,0,1,659,0
1,0,14,2,1171,1673,2498,0,1,1583,2
1,0,42,6,1081,1979,387,1,0,1783,1
1,1,21,2,1211,1396,635,0,0,1667,0
1,1,6,8,976,1353,2711,1,0,640,2
0,0,29,5,675,742,2023,1,0,1913,2
1,1,25,7,455,537,2215,1,1,538,1
0,1,46,6,42,807,824,0,0,1191,0
1,0,9,1,1196,1651,3851,0,1,816,3
1,1,33,2,503,986,2156,1,0,915,1
0,0,27,8,1694,1798,2885,0,1,1157,3
0,0,10,7,306,558,495,1,1,1201,0
1,1,18,2,838,885,2358,1,0,1379,2
0,1,53,5,291,651,1744,0,0,1483,1
0,1,9,3,173,1219,1832,0,0,1614,1
1,1,4,8,1017,1289,2016,1,1,930,1
0,0,6,3,698,1018,1300,0,1,1454,1
0,0,41,6,610,1437,2313,1,0,1784,2
1,0,34,5,223,737,3248,1,1,1262,2
1,0,37,7,206,1167,2216,0,0,797,1
0,0,59,5,1457,1919,3142,1,1,1829,3
1,1,58,2,742,999,1850,0,0,1139,1
0,1,13,4,591,724,1424,1,0,618,0
0,0,57,1,347,957,1620,1,1,1547,1
0,0,15,3,241,854,2592,0,0,586,1
0,1,36,1,743,1426,296,0,0,1617,0
0,1,44,8,4,743,3579,1,0,1882,3
1,0,21,3,576,1809,1180,1,1,674,0
0,0,18,5,888,1099,3962,1,1,1467,3
0,0,50,1,528,1416,3978,1,0,858,3
1,1,2,6,1222,1890,668,1,0,794,0
1,0,39,4,915,1965,2032,1,1,1965,2
1,1,36,8,868,1632,3057,1,0,1911,3
0,1,46,5,336,670,869,1,1,1512,0
1,1,45,6,483,754,3919,1,1,510,3
